{"title": "居住证续办", "number": "180551", "content": "    领导好       本人于17年5月份在樟木头办理的居住证，有效日期为18年5月，现住居住地址变更为黄江，请问到期后，能不能在黄江续办，该如何办理，需要多久。", "url": "http://wz.sun0769.com/html/question/201803/363996.shtml"}
{"title": "在明确告知怀孕情况下，松山湖兰馨苑社区医院医生还开了孕妇禁忌的药", "number": "180555", "content": "\t3.21号，我老婆（目前怀孕14周）由于这段时间拉肚子并伴有肠鸣，由于这个症状断断续续的有，虽然明知孕妇应该尽量不吃药，但是长时间不好，只能去医院。在医生了解病情后，我们明确告知已经怀孕，然后医生开了两种药，我们最后还找医生确认说是否孕妇可以吃，医生回答是中成药孕妇可以吃。出于对医生的信任，当天晚上就吃了药。结果今天早上无意中在说明书中看到了孕妇禁忌，希望有关部门给个说法。", "url": "http://wz.sun0769.com/html/question/201803/364000.shtml"}
{"title": "父母为塘厦户籍子女为外地户籍初中入学事宜", "number": "180556", "content": "    尊敬的塘厦教育局领导：        　　您们好！                　　因快临近18年秋塘厦户籍生招生时间，我家有适龄孩子需入读公办学校，关于资料和户籍问题有不懂的地方：                1.居住证明：我们为新入户塘厦塘新社区居民，目前在塘厦本地没有房产，招生通知中所需资料：“学区居住证明（房产证或已备案的购房合同）原件和复印件”此项资料我们无法提供，请问没有这项资料是否符合招生，是否会影响孩子正常入学？                2.父母均为塘厦镇户籍，孩子为外地户籍的，可否享受优惠政策，入读塘厦初中公办学校？（我女儿下半年读初中，因出生证丢失没有同我们随迁入塘厦户籍，目前正在补办出生证，后续会以子女投靠方式入户到塘厦，担心到时已过入学时间）                请领导体谅做父母为子女操劳的心情，在百忙之中帮忙解答，万分感激，谢谢！！", "url": "http://wz.sun0769.com/html/question/201803/364001.shtml"}
{"title": "社区养老保险", "number": "180559", "content": "    为什么东莞石排镇太和社区缴纳的社保比其它镇区多了一项收费项目；新型社区居民养老保险（集体，69.74元/人月）收费是否合理，其它镇区为什么没这项费用", "url": "http://wz.sun0769.com/html/question/201803/364002.shtml"}
{"title": "因开发商维修拖延时间，造成未按期收楼，前期物业管理费如何处理", "number": "180558", "content": "    各位领导好！     我是东莞市南城金域中央－葛兰溪谷（一期）国际公寓1号楼首层商业122号的业主，2016年12月开发商要求业主收楼，收楼期间发现二层卫生间、露台边出现渗水问题，后门破损，长期大量垃圾堆放，通过多次投诉开发商才安排进行维修。由于开发商拖延维修时间，造成未能按收楼通知要求期限收楼，前期物业管理费是否应由开发商支付。     物业公司以我业主延期几天收楼为由默认业主为无质量问题同意收楼，此做法是否合法。     现物业公司因前期管理费未交，不配合业主收楼，不配合水电交接工作。做法是否合法。     请领导给个说法。", "url": "http://wz.sun0769.com/html/question/201803/364004.shtml"}
{"title": "希望广发银行尽快回复调查结果-现在我已经被银行客户人员电话威胁上门破坏了", "number": "180557", "content": "         我这几天经常接到非广发银行官方电话给我打的催款电话，并且威胁我还款，上门追债。如果真有此事发生，我准备报警处理，此客服对我的事情不清楚并且不愿意听我耐心讲解。此客服电话为广东东莞186开头，并且变换座机打，我曾经留言无论什么时候请联系我用官网公布的客服电话，因为不确定是否银行专员。所以我再次留言，请广发银行调查完此事尽快处理。         因为此款从去年12月1日到今年的1月19日整整拖了我50天，现在我恳请广发银行总行尽快给我一个书面回复。我的诉求被无限制拖延60多天。按照当时客服约定说的给我回复到这个网站，写清我所有疑问的问题。否则银行分好几个客服联系我，并且对我的事情都是一知半解。这样处理方式非常混乱。容易出错。此事并非本人原因拖延办事时间，还请银行工作人员抓紧调查真实原因回复到此网站。         需要调查的事件是3月12日发的申诉，案件编号：179549    ", "url": "http://wz.sun0769.com/html/question/201803/364003.shtml"}
{"title": "科目三路面考试成绩上传", "number": "180560", "content": "            本人于2018年3月20日上午10点-12点，在企石深巷科目三考场考的科目三，成绩是100分通过合格，考完也在成绩单上签了名，但3月21日下午去寮步车管所窗口约考科目四的时候，工作人员告知，系统从3月17日就出现了问题，导致考场的考试成绩无法上传，也就无法预约科目四，系统具体什么时候能修好也不清楚，截至到现在在网上也查不到成绩，由于本人的技能证将在2018年4月3日到期，约考不到科目四的话，那前面几科的成绩也就作废了，不光7千多的学费浪费，还有这么久请假练车考试的辛苦也白费了。急盼回复解决！谢谢各位领导！", "url": "http://wz.sun0769.com/html/question/201803/364005.shtml"}
{"title": "石排镇石崇大道盈丰大厦路段晚上施工，噪音扰民", "number": "180562", "content": "    石排镇石崇大道盈丰大厦，市政工程晚上通宵施工，噪音扰民，影响居民休息！", "url": "http://wz.sun0769.com/html/question/201803/364007.shtml"}
{"title": "东莞市虎门镇赤岗富马工业区赤马路（腾子龙公司门口）下水道积水倒灌路面", "number": "180561", "content": "市水务局：         您们好！         我们是东莞市虎门镇赤岗村富马工业区（马来西亚宝利根电子科技有限公司、腾之龙游乐器材有限公司、法国如成服饰有限公司、深圳市景光物流有限公司及赤马路一带商户代表），我们这几家企业遇到的都是同一个问题--（虎门镇赤岗村富马工业区赤马路下水道积水倒灌问题），下水道污水倒灌问题已纯在多年，一直得不得解决，下面就此问题向虎门镇各职能部门投诉，希望得到有效解决。          东莞市虎门镇赤岗村富马工业区赤马路因下水道常年堵塞，每当下雨时下水道积水倒灌（特别是夏季），倒灌的积水又黑又臭，倒灌的积水甚至达到一米五深，倒灌的积水对公司车辆、人员出入造成极大不便，影响公司产品出货（有时急出货时用汽车轮胎来代替船运货物上车）；影响几个公司上千号员工上下班；影响周边居民出入，给周边公司、居民都带来诸多不便。我们曾经也打电话找过虎门渠务局，虎门渠务局回复所属赤岗村委管理；我们又找到虎门赤岗村委，村委回复说属富马工业区管理处管理；我们又找到富马工业区管理处，管理处回复说属虎门市政管理，都是来回踢皮球，最终问题得不得解决，此问题已已存在好多年的时间了，一直没有部门解决。         3月15号上午下了一场暴雨又造成路面积水严重，有几部正在通行的小轿车都被倒灌的臭水淹没了，差点造成人员安全事故发生。此问题已反馈多次，一直未得到解决。无奈之下才把此问题投诉到虎门镇政府职能部门，希望贵局尽快到现场了解此事，针对存在问题研究解决方案，尽快修复。让我们到东莞市虎门镇赤岗来投资的企业能够在赤岗长期运营下去，有一个好的投资营商环境。", "url": "http://wz.sun0769.com/html/question/201803/364006.shtml"}
{"title": "新基大道交警管辖路段范围", "number": "180563", "content": "本人在新基大道仁富地产spa超市门口那块小空地停车，车没停在新基大道上，发现被交警抄牌，发现隔壁车辆没被抄，现在想咨询仁富地产新基大道spa超市门口是否可以停车，为什么隔壁那块广场可以停车，在超市这边反而不可以停车呢？如果可以停车，如何退回罚款？", "url": "http://wz.sun0769.com/html/question/201803/364009.shtml"}
{"title": "请问松湖春天和金地格林对面的地是如何规划的", "number": "180565", "content": "    请问松湖春天和金地格林对面的台升家具那块地是如何规划的？附件几万人居住 缺少公共篮球场，公园等设施，烦请告知", "url": "http://wz.sun0769.com/html/question/201803/364014.shtml"}
{"title": "坚决支持交警对雅园新村乱停车执法行动", "number": "180564", "content": "    雅园新村停车难问题已经争论很久了，都说停车难，但是我个人觉得一点都不难：        1.那些停在马路中间，停在公交站的车辆，难道不知道台心医院是可以收费停车的，而且收费也不贵，3小时内免费，说白了就是不想花那个钱；        2.住雅园新村的人为什么这么多开车的，很多开宝马奥迪的，政府要好好审核一下住户条件，是否满足租房条件；        3.自私心里作怪，你停车停到公交站台，听到双黄线上，难道不知道这是不允许的？就是自私心里作怪        4.说一下本人的心态，我在深圳从不敢违章和乱停车，因为一次1000，罚的你这辈子都忘不了，在东莞 呵呵        5.建议交警不间断加大巡逻力度，或采用摄像头执法", "url": "http://wz.sun0769.com/html/question/201803/364013.shtml"}
{"title": "学校门前违章停车", "number": "180568", "content": "    整个东莞市每天一到学生上、下课时间全市的学校门前道路都是严重拥堵的，全都是家长接送小孩的违停车，最可笑的是有些学校门前还有交警，结果是违停车只会越来越多导致道路严重拥堵，我想请问相关的政府部门我国有哪条法律法规是允许家长接送小孩上、下课是可以违章停车而不受处罚的？", "url": "http://wz.sun0769.com/html/question/201803/364018.shtml"}
{"title": "江南雅筑小区违规举行业委代表选举", "number": "180567", "content": "     近日我所居住江南雅筑小区举行业委代表选举        但过年前几天物业偷偷摸摸贴出报名通知,并未在平常的物业及业主沟通群做提醒,导致很多热心业主错过报名时间,待大家发现的时候,候选名单又已内定,跟上届的无太大差别,那个在业主群里耀武扬威的说已经代表过我们五年,而且又要代表我们5年的依然在名单中...        因为在过去这些年中,物业广告车位收入及支出不公开,电梯坏了不及时修,墙皮脱落不及时处理,垃圾箱满了都不清理走发出臭味,江南雅筑小区二期绿化带未经业主同意带改成车位,江南雅筑小区二期内有个存放煤气的煤气站时时刻刻透着危险等等问题,上届业委代表没有任何作为,也没有起到跟物业的一个沟通桥梁的作用.        鉴于这些问题,广大业主需要业委候选人拿出整改方案,于是业委代表迫不得已在3/17号下午三点召开了见面会,但业主到场发现摆满了投票箱要求投票,且之前已有物业保安拿着选票在大门口或挨家挨户要业主在选举空白票上签字,这已经严重影响到选举的公正性.        希望相关部门介入让广大业主公开公正参与的情况下,重新组建筹备组,重新选定临票唱票人,公开公正重新推选候选人,公开公正合规投票,物业不可做任意干预,还我们一个和谐家园,谢谢", "url": "http://wz.sun0769.com/html/question/201803/364019.shtml"}
{"title": "公司未按公司制度履行发放奖金的义务不接电话不回短信", "number": "180570", "content": "    尊敬的相关政府部门：    我于2016年入职东莞市博凯丰精密模具有限公司人事专员岗位，三个月后老板将我调入市场部任职业务跟单岗位，2017年2月公司为激励员工积极性制定奖金制度（相关制度见附件），我在2017年2月至8月期间，经过自己的努力，每个月完成目标，公司奖金发放每个月有延迟，导致我在2017年8月底离职时，仍有8449元奖金未发放给我。因奖金制度规定员工离职仍有未发放完的奖金，于离职之日起第7个月发放。我离职时拿着奖金明细给老板确认签字，老板回复交给部门长处理即可。于是我将奖金明细交接给部门长后离职。离职后于第七个月（2018年2月）我联系到部门长问及奖金事宜，部门长回复现在忙，年后帮我确认。于是我2018年3月份联系到部门长，部门长则说现在奖金制度变更，所有人的奖金都没有发放，最快要6月份才会发。因我在职时制度是写的第7个月发，公司后面改制度只是针对在职员工而改的制度于是我打电话给部门长，部门长却一直不接电话，发微信也不回复。无奈我打电话给老板，老板则说现在在开会，有事请长部门长，就挂掉电话不留给我说话的余地，后我一直联系部门长，部门长也不接电话和回信息。        附件为《绩效奖金制度》及我在职时的《订单对应的奖金明细》        请求政府部门出面解决，要求东莞市博凯丰精密模具有限公司给予发放我应得的奖金，谢谢！", "url": "http://wz.sun0769.com/html/question/201803/364021.shtml"}
{"title": "东城青龙城附近噪音扰民", "number": "180572", "content": "    您好，我是青龙城的住户，由于是孕妇，经常夜起，经常听到楼下夜间（大约1点至凌晨）传来多人聚众谈话、或者打牌声，声音格外响亮，已影响家人及附近居民的正常休息。希望有关部门尽快处理，谢谢！        声音来源位置：东城中路青龙城楼下（原潮汇星城）的【鲜又多水果店】与【大城小麦面包店】之间路口。        ", "url": "http://wz.sun0769.com/html/question/201803/364023.shtml"}
{"title": "桥头镇石竹山水园西门北侧卖菜摊贩占道经营", "number": "180573", "content": "    本人是桥头镇石竹山水园的业主，这个小区本来车位就很紧张，小区外围天天也停满车，但是就有一帮人天天在门口卖菜，而且卖菜的小贩有越来越多的趋势，严重影响了车子出入，而且买菜的人蹲下挑菜时会突然起身变换位置，好几次差点造成交通事故，小区物业整理过他们很多次，也拿那帮菜贩没办法，他们也不肯到不影响交通的地方摆，偏偏摆在停车区域，而且收摊时，路边的烂菜叶子也不收拾，希望有关部门上午来暗访下，东莞文明城市，希望大家都去爱惜。", "url": "http://wz.sun0769.com/html/question/201803/364024.shtml"}
{"title": "投诉电信胡乱剪线", "number": "180576", "content": "    我他妈的，老子开公司 昨天断网给我带来的损失谁来负责？我昨天是看见有电信的员工在剪线！", "url": "http://wz.sun0769.com/html/question/201803/364026.shtml"}
{"title": "噪音投诉", "number": "180575", "content": "    东莞市东城区温塘温竹路和苗酒店一楼木桶饭旁边的名叫（金生电讯）的中国移动手机店于每天傍晚17:30到晚上10:30播放超高压噪音和门外放着二个大音响和员工在门口喊口麦风招摇顾客，严重影响附近的居民的正常生活，小孩放学回家难以给孩子们专心学习作业，这个噪音问题我反应了很多次，但没有一次得到处理，我希望有关部门能够防止这么商家的高压噪音扰民的行为，谢谢", "url": "http://wz.sun0769.com/html/question/201803/364030.shtml"}
{"title": "中国银行迟迟不放款！！！", "number": "180577", "content": "    2017年12月份已经递件，当时签约的时候说的是1月就可以放款，但是到目前为止还没放款。    1月份初打电话问客户经理，说审批流程已经全部走完，需要等待放款。现在都3月底，还没有放款！之前一起申请贷款的其他业主都已经开始还贷了，为什么我的不放款？    每次电话问客户经理就说等等等。。。", "url": "http://wz.sun0769.com/html/question/201803/364031.shtml"}
{"title": "关于反映中国银行桥头支行迟迟不放贷款的问题 ", "number": "180582", "content": "    我是东莞塘厦银湖山庄四期八栋901房的卖主（买主柳奋发），因家人开公司做生意经济出现困难，于是将上述物业于去年八月签订出售合同卖给柳奋发，并于十月在中国银行桥头支行办理了贷款手续，十二月该行下达了同贷书，但至今仍未下拔贷款，我们多次过问催促都无效，由于家人公司经济周转出现严重困难，目前已开始拖欠工人工资，工人也已反馈到劳动部门，为避免出现群体事件，本人恳请您向中国银行桥头支行督促抓紧帮我们放款，以解燃眉之急，万分感谢！", "url": "http://wz.sun0769.com/html/question/201803/364036.shtml"}
{"title": "消防和人员聚集问题", "number": "180586", "content": "    位于虎门镇虎门寨五眼井新村中1巷6号停车场3楼内面有一间三无的山寨厂，有好多人员聚集，存在极大的消防问题，而周围民居密集，一旦有事起来就十分危险，附近的群众意见很大，希望有关部门能够前往检查相关情况，谢谢", "url": "http://wz.sun0769.com/html/question/201803/364039.shtml"}
{"title": "公共道路私人随意安装停车位地锁", "number": "180588", "content": "    莞城八达路建设银行与海雅俱乐部中间道路（通往和兴花园）长期被私人私自安装停车位地锁，严重影响车辆及行人通行，请问一下私人随意占用公共道路合法、合理吗？", "url": "http://wz.sun0769.com/html/question/201803/364040.shtml"}
{"title": "入户东莞竟然告诉我们公立学位不够", "number": "180473", "content": "    我们为了孩子读书才不得把户口迁入东莞，今天去教育局登记时才告知公立学校学位不够，先排队受理，如果公立学位不够还是会放在私立学校读书上，这是什么个事呀，我们为了孩子能享有稳定的教育环境才买房子入户口，好多没买房子入户口或是压根户口不在这的都可以入读公立学校，我们有户籍的还需要排队等候，这叫我们真是如何去想，既然不能有这么多学位提供，那可不可以不允许办这么多转户口呀，为何前沿不把好关，一股脑办这么多户口转移，造成现在这种教育资源配套都跟不上，这样我们也不需要把老家的农村户口迁出来，浪费时间还给我们造成了损失，请政府给我们一个合理的解释，不要让我们这些对东莞土地上付出了血汗又在这扎根的新莞人对政府失望呀。", "url": "http://wz.sun0769.com/html/question/201803/363893.shtml"}
{"title": "中国银行乱收费，不合理", "number": "180511", "content": "    本人有一张中国银行的信用卡，这个卡是2014年10月开始使用的，这个卡是承诺了永久免年费的，但是在今年2月份的时候，我无意间看到了账单上有一个年费的收取，那我就不明白了，银行已经承诺了永久免年费怎么会现在要收取了年费来呢？而且也一直没有收到过这方面的信息提醒，要安装粤通卡才能免收取年费的信息，后来我打了2次中国银行的电话投诉，一直没给我合理的答复，在我投诉2次后才发来一条相关信息：是要开通粤通卡才能免年费，我想问一句，怎么不在要收取之前先给客户发一条这样的通知的信息呢，这还不是成了乱收费吗？                                        谢谢！ ", "url": "http://wz.sun0769.com/html/question/201803/363941.shtml"}
{"title": "", "number": "", "content": "", "url": "http://www.sun0769.com/error/404.htm"}
{"title": "（塘厦）天麓山和朗润园小区附近每日浓烟滚滚", "number": "180475", "content": "塘厦镇朗润园和天麓山小区附近每日浓烟滚滚，主要有两处地方：    1、金桂园小学规划用地，有四五个人，经常在该地焚烧柴木，浓烟滚滚，垦地种菜。    2、朗润园二期和天麓山二期之间的空地，更有几十人在该地垦地种菜，并焚烧柴木。    以上两处经常有见浓烟滚滚，两百米外都能闻到刺鼻的烟味，影响极其恶劣，主要有以下三方面恶劣影响：    1、私自占用公共用地，开垦种菜。    2、大量焚烧柴木杂草，浓烟滚滚，严重污染大气。    3、朗润园和天麓山小区整天被烟雾笼罩，影响了两个小区居民居住。    ", "url": "http://wz.sun0769.com/html/question/201803/363894.shtml"}
{"title": "交通灯", "number": "180478", "content": "\t今天早上9点，由于万江桥红绿灯故障，导致严重塞车，可是过了大半个小时，现场还没有一个交警到场疏通车辆，之前就已经在塞的了！", "url": "http://wz.sun0769.com/html/question/201803/363896.shtml"}
{"title": "万江区简沙洲二期违建", "number": "180476", "content": "\t1、室外加建电梯楼梯超出原规划红线，占用道路，没有报建，违反建筑法规。 2、违反规划法，安全法，消防法，在道路上方二米多就挑出一米多，严重影响消防通道，危及附近居民生活安全。 3、没按有关规范设计施工（便可能是无证设计施工），主受力钢柱底无底板，翼板，无埋深，上部每层只有两个8厘拉爆螺丝固定，所有钢材没做任何防锈处理，建几十米高，即是在附近埋下个不定时炸弹！严重危及附近居住所有人员的生命和财产安全！", "url": "http://wz.sun0769.com/html/question/201803/363895.shtml"}
{"title": "停车位", "number": "180480", "content": "    望牛墩洲湾村，位于旧村河边的停车位，这是公用的，为何天天都有村民用垃圾桶，水泥桶等，强占车位了，重要的是，村委一直不理，没有清理这些强占车位的物品！ 要是这样默认村民这样做的，那我将全部车位铺上水泥都可以的啦！每次有人投诉村委，都会说已经劝说过，但是效果达不到，说多了也是废话，就不能强硬带你，直接把这些垃圾扔掉了？", "url": "http://wz.sun0769.com/html/question/201803/363898.shtml"}
{"title": "我提供微信支付记录，，请相关部门作为！", "number": "180479", "content": "接上文，，（请见编号:178309）        ---------------------------华丽的粉葛线-----------------           某天我接到了交通局的回复，，说粤SY9R82号牌出租车是台假的士，，要举报的话，需要我自己向交警举证，，于是我向微信求助，但是微信因涉及个人信息拒绝而透露司机信息，，我想将这个冒牌司机，，我上传了当时微信支付的证明，，微信交易是可以查到收款人（冒牌司机）实名信息的，，请相关部门作为！！", "url": "http://wz.sun0769.com/html/question/201803/363897.shtml"}
{"title": "大朗镇教育局招生简章不符合租售同权", "number": "180400", "content": "    为什么要求一定要有房产在父母名下，孩子才能读中心小学和实验小学，难道碧水天源租的房子不行？另外是不是对我们第一批2010年入户的积极分子是个晴天霹雳！！！入户没用，买房才有用，请问大朗是如何把从乡村进城的贫困人才留住，房子才是留住人才吗？钱用来投资经济了哪里敢买房，不是每个人都要一套房子的？", "url": "http://wz.sun0769.com/html/question/201803/363787.shtml"}
{"title": "关于小孩转学问题", "number": "180401", "content": "    小孩在老家有学籍号，目前已在老家读二年级，下半年想转到东莞读3年级，但是年龄没有达到这边的年龄，请问像这种地方差异留下的历史问题，我们这些做家长的怎么样才能解决？需要如何办理才能让小孩在东莞正常入学？", "url": "http://wz.sun0769.com/html/question/201803/363790.shtml"}
{"title": "石排家具厂不执行停产指令 ", "number": "180402", "content": "    位于石排镇黄家壆村的东莞市瑞创家私有限公司，直接将喷漆废气抽排至居民小区中，刺鼻的气体令人窒息！严重污染环境，影响附近的居民，有孕妇和小孩深受其害。        之前向有关部门投诉，环保分局也有到现场检查发现问题，并采取相应措施，要求停止生产。但是，该公司从未停产，要求有关部门跟进。", "url": "http://wz.sun0769.com/html/question/201803/363795.shtml"}
{"title": "人才入户东莞寮步良平，可以就读的小学和中学有哪些", "number": "180482", "content": "    人才入户东莞寮步良平，可以就读的小学和中学有哪些    \n\n\n\n\n", "url": "http://wz.sun0769.com/html/question/201803/363900.shtml"}
{"title": "撤销房贷抵押，房管局网站上什么时候能更新信息", "number": "180403", "content": "我在2015年购买了东坑金坑家园的房子，2017年11月提前还清银行的商业贷款，2017年11月在银行的工作人员的陪同下，在东坑房管所提交了撤销抵押状态的手续，但是到现我在东莞市房产公共信息网上查询到我那套房子是抵押状态，4个月过去了信息都没有更新，我想去下什么时候可以更新", "url": "http://wz.sun0769.com/html/question/201803/363797.shtml"}
{"title": "人才入户无法提供户主页", "number": "180406", "content": "    你好，我在今年二月份申请东莞人才入户，人力资源与社会保障局这边已经审核全部资料，并发放东莞人才入户卡。拿着去虎门派出所办理入户的时候，由于不能出示本人户主页，因此被拒绝。哈尔滨人才市场所开立的“本单位从此不提供个人户主页”的证明在这里也没用。    因为大学毕业后户口转入老家（哈尔滨）的人才市场，因此成为了集体户口，而没有个人户主页。而哈尔滨户籍改革之后，目前也不能够出示户主页，而虎门这边必须要求出示，请问我该如何进行下一步？    请问在身份证所在地开立户籍证明，能否替代个人户主页，帮我完成入户呢？    期待您的回复        谢谢        ", "url": "http://wz.sun0769.com/html/question/201803/363804.shtml"}
{"title": "2018年申请投诉企业补缴所欠社保费用", "number": "180405", "content": "    本人于2018年1月25日在东莞长安镇社保局申请投诉所在企业（博林电子有限公司）补缴所欠的2017年7.8.9月份及2018年1月份的社保费，长安镇社保局至今未回复处理结果。望市领导多监督一下各个镇区的办事进度！", "url": "http://wz.sun0769.com/html/question/201803/363800.shtml"}
{"title": "科目三成绩查询", "number": "180407", "content": "    本人于19号上午8点-10点考的科目三，成绩是通过，考完拿了成绩单并且签字，但是到现在还在网上查不到成绩，约不到科目四。我之前考科目二，2个小时之内就能在网上查到了成绩，为什么科目三考完过了2天了，还查不到成绩呢？盼回复！", "url": "http://wz.sun0769.com/html/question/201803/363805.shtml"}
{"title": "中国移动！这是我的私人财产，你不能乱动！", "number": "180408", "content": "    我有一个使用了15年的移动号码，在中国移动刚推出零月租的神州行时，就购买办理的，，之前一直作为备用号码，后来中国移动规定要实名认证，我也按规定对这个号码进行了实名认真。            15年来，这个号注册和绑定了我的很多网上账号。            最近我要使用这个号码通话，但竟然发现是个空号！            而且我记得，这个号码里面应该还有五百多元的话费。            我致电10086询问，客服说，由于话费过期，该号码已被销号。            这就奇了怪了！            我用了15年的电话号码，里面充了有五百多元，而且还实名认证，你中国移动凭就一句“话费过期”，就把我的私人财产剥夺了？这是什么道理？            我这个号码里面有五百多元话费，是我真金白银充值进去的，中国移动，你凭什么不经过我同意就敢非法侵占？            我使用了15年的号码，是我最珍贵的私人财产，中国移动，你凭什么不经过我同意就恶意销号？                一、我想跟你们中国移动普法，说说什么叫话费！            你们所谓的“话费过期”，是个什么霸王条款？你们能跟我解释什么叫“话费过期”吗？            别给我扯这是你们的规定，地球人都知道，你们自己制定的这些反常识、反人类、反社会的规定乱七八糟有一大堆，我就不说法律层面，单单说公诉良俗，你们的规定就特么是一个大写的笑话！            我来告诉你，你们所说的话费，本质就是金钱。            我们把金钱充进自己的号码账户里，所以在我们自己的号码账户里，它是以金钱的形式存在的，他是以人民币币值元、角、分的单位存在的。            只有在我使用了你们的服务，向你们支付服务费时，你们才能将这些金钱以你们所谓话费的形式扣除。            所以在我没使用你们的服务之前，在你们没有扣减我的金钱之前，这笔金钱的本质还是金钱，它不是什么话费！它只是我寄存在你们公司的一笔钱！            那么，中国移动，请你来告诉我，我放在你们公司的这笔钱，为何会过期？它又是如何过期的？如果你们这个狗屁规定是合理的话，银行是不是也能以过期为由，将我们存进去的金钱非法侵占？            二、说完话费，我再跟你中国移动普一下法，说说电话号码这件事请！            电信通讯发展这么多年了，可悲的是，电信营运商的思维，居然仍停留在洪荒时代，他们到目前为止，仍认为用户是一群任由他们收割的韭菜，一群任由他们屠宰的羔羊。            现在是移动互联网时代，已经实名认证的电话号码，从契约精神来说，就已经名正言顺合法地成为了个人不可分割的私有财产，已经成为一个人的身份ID，它与移动互联网上一切都有着千丝万缕的关系，它使人们更换电话号码的成本变得无比昂贵，它与人们日常生活工作息息相关。             现在你中国移动凭借着一条根本就不适应于时代，而且反人类反社会的规定，以“话费过期”的这个荒谬理由，毫无节操地将用户使用了15年的号码销号，这难道不是一桩非法夺取私有财产的犯罪恶性事件吗？            而且，退一亿步来说，就算你中国移动的狗屁荒谬理由“话费过期”能够成立，你可以昧着良心非法侵占了我存放在你公司的金钱，但你凭什么还要将属于我私人财产的电话号码一起侵占？            话费过期和电话号码权属，是两件不同的事情，我话费过期，我欠费，你可以停止对我这个号码提供服务，可以向我索取欠费，但你现在无故将属于我的号码销号，这又是什么法律规定的？            我知道，作为一个普通用户，去挑战庞然大物的中国移动，自然是不自量力；但我也知道，常识也并不会因对方的霸道而委曲，正义并不会因对方的强势而不可伸张。            希望中国移动能以此为戒，放下傲慢和自大的心态，好好处理这件事情，给我，乃至广大用户一个合理的答复。    ", "url": "http://wz.sun0769.com/html/question/201803/363806.shtml"}
{"title": "投诉东莞塘厦镇金地物业湖柏山庄分公司不作为，处处损害业主的利益", "number": "180410", "content": "    投诉的内容主要有以下几项：         1. 小区内别墅区违建猖狂    2. 物业未曾向业主公布任何的年度财务收支情况，小区公共场所电梯广告，小区公共部位出粗，获取的利益未能完善小区的绿化和管理，而是占为己由    3.对外来人员不进行询问登记，小区内经常发生被盗和小车被剐蹭的现象    4. 以多次向金地物业总部投诉过，没有任何的回复        希望政府相关部分给与调查与支持，责令其改过！严查严打！    ", "url": "http://wz.sun0769.com/html/question/201803/363808.shtml"}
{"title": "投诉广东锐泽咨询服务有限公司解除劳动合同不赔偿", "number": "180409", "content": "本人于2017年10月26日入职，于12月19日公司转正并签订劳动合同，在2018年3月8日下午5点40分被通知本人能力不符合公司要求，于当天下午离开公司，第二天无需上班，本人要求公司出示的《解除劳动关系通知书》盖公章，但是公司不予盖章，说是公司单方面解雇，通知即可，在本人的强烈要求下，《解除劳动关系通知书》只有相关部门负责人签名，而所签订的劳动合同也只有公司一份，本人手里并没有，公司只结算了上班工资，未提前30天书面通知本人也没有任何赔偿与补偿，        本人于2018年3月14日，到人力资源局所管辖的范围《东莞市南城区鸿福路元美社区》进行协商处理，于2018年3月20日告知，公司不予协商，让我通过法律途径去解决，请相关职能部门人给与意见及处理，谢谢        公司名称：广东锐泽咨询服务有限公司    公司电话：0769-28633097    公司地址：东莞市南城街道鸿福路82号腾龙大厦办公1005         工作职位：产品经理    薪水：8000元/月    无购买社保与公积金", "url": "http://wz.sun0769.com/html/question/201803/363807.shtml"}
{"title": "居住证续期问题", "number": "180413", "content": "    本人在南城新科上班，但用公司的劳动合同和在职证明，去办居住证续期就办不了，工作人员说是没居所证明。请问不是合法就业就可以办吗？请贵领导协助。谢谢。", "url": "http://wz.sun0769.com/html/question/201803/363813.shtml"}
{"title": "不核实就发信息给客户 严重侵害客户的权益", "number": "180412", "content": "    不核实就发信息给客户 严重侵害客户的权益    没有核实我的证件是否过期 就发短信叫我拿有效证件到建行的网点处理 我也打该银行的客户电话 都说要我去网点处理。    结果到了银行的网点， 等了2个小时！！！竟然告诉我 我的证件没过期！！！！登记的是有效的证件！！！！！    为什么没有核实信息就乱发信息给客户 严重浪费客户时间 浪费别人的时间等于谋财害命  ！！！！请建设银行进行赔偿！！！！！！！！", "url": "http://wz.sun0769.com/html/question/201803/363811.shtml"}
{"title": "万江官桥滘公交站往爱迪花园站的红绿灯不亮，近一周多每天上班塞车，急需处理", "number": "180411", "content": "    万江官桥滘公交站往爱迪花园站的红绿灯不亮，近一周多每天上班塞车，急需处理，谢谢！", "url": "http://wz.sun0769.com/html/question/201803/363810.shtml"}
{"title": "不同意东城花园小学停车场出口选址", "number": "180416", "content": "    东城花园小学重修工程，设计停车场出口未征求附近居民同意，听相关人士透露学校的地下停车场其中一个出口将会建在靠近横岗新村居民区，本来旧居民区地方窄，平时只能作为单行道，若学校停车场出口开在这里，以后家长接送小孩，无论人员或车辆都会严重影响周围居民的出行生活，埋下学生上下学的安全隐患。若遇上马路杀手，成间房子都有可能撞塌，不同意学校将出口建在居民区，请相关部门综合各方面影响来确查实际情况，谢谢！", "url": "http://wz.sun0769.com/html/question/201803/363816.shtml"}
{"title": "自住房后面能私自随意扩大窗户吗", "number": "180415", "content": "    你好，本人家是在万江镇区村里的自住房，前面那个房子主人私自把窗户扩大，家人多次沟通无果，村里的干部也劝说无效，我想问下他这样做是否违法？", "url": "http://wz.sun0769.com/html/question/201803/363815.shtml"}
{"title": "关于投诉半岛时光主题私人影院充值卡不退费的问题", "number": "180417", "content": "       本人2018年春节前半岛时光主题私人影院公司对充值卡充值300元，此公司位于万科南城香园路35号，769文化创意园第一栋220号。充值仅使用过一次，该公司就锁门了，不对外营业了，但是所有播放设施还在现场，联系公司店员说，该公司由于要整体转让，就不经营了，但是也不退回充值卡上的钱，这显然是恶意的欺诈客户。因此投诉半岛时光主题私人影院公司，希望返回尚未使用的充值费用。    ", "url": "http://wz.sun0769.com/html/question/201803/363820.shtml"}
{"title": "邮政银行万江支行一直不放款", "number": "180421", "content": "    尊敬的银监局领导        我于17年7月份买了万江曦龙广场一套二手房，8月份出同贷书，12月份做完贷款抵押开始排队放款到目前三个月已过，仍未放款！！！多次询问催促，给的答复是没有额度，需要等！！        近日银行联系我，推荐我买一份人身意外险，可优先放款，但仍然没法确定放款时间，对此，我有两点问题             1、银行排队放款的排序规则怎样，是必须有额外购买保险或是理财产品才能放款吗？没有配合银行要求买的话，是否我需要再等个一年半载。就算我配合买了保险，仍无法确定时间，那再过三个月后，还是处于等待状态，怎么处理？？？            2、对于我们贷款人而言，完全不知道银行的放款情况，银行要拖多久就多久，贷款人的权益如何保障？？我们买房不容易，东拼西凑凑齐首付，全家期待能早日住上新房，有个安家之处，竟然在银行贷款这关被无限期卡住，如何让我们能信任银行？？？            再说明一次，目前我已经等待放款三个月，卖家也因为一直等着这笔尾款还新房的首付的欠款，银行这么久不放款，严重影响了我们两家人的生活，恳请贵部门能早日敦促邮政银行万江支行尽快给我放款，希望贵部门能给我一个满意的答复，谢谢！！", "url": "http://wz.sun0769.com/html/question/201803/363822.shtml"}
{"title": "小孩2017年入户虎门丰泰东海城堡是否可以报名就读虎门北栅小学", "number": "180423", "content": "    小孩2017年随迁入户虎门丰泰东海城堡房产下，2018年需入学报读一年级，请问是否可以报名就读虎门北栅小学；盼回复，谢谢！", "url": "http://wz.sun0769.com/html/question/201803/363827.shtml"}
{"title": "邮政放款难", "number": "180420", "content": "    2018-03-20 12:09:00 发表投诉比土匪还恶劣的东莞邮政银行，         那么多人都在投诉银行。 东莞政府为什么，任银行胡作非为， 现在网上资讯发达，每个地方，业主卖房，（证满5年，无贷款）买家交定金，过户，申请贷款，到整个交易时间不超过3个月，房款两清。（在我老家卖我这种证满5年以上，无贷款的，2个多月就完成证款两清）。 为什么在东莞卖个房就要拖那么久，东莞速度那去了。 大部分卖房都是急需用钱，（我也是）而邮政银行迟不放款， 邮政银行这样做，与逼人上吊，杀人放火有什么区别。 我在东莞工作了快20年了，己无言了。 令人很失望的，东莞。 ", "url": "http://wz.sun0769.com/html/question/201803/363821.shtml"}
{"title": "联通发票金额与账单不符，擅自变更服务内容", "number": "180429", "content": "\t我在去年10月和东莞联通签了两年合同，使用其无限量套餐两年，两年内每个月返还99元电子券。入网时和营业厅的工作人员确认，返还的电子券可以用于话费充值，也可以用于消费。如果用于话费充值，电子券充值金额是可以打印月结发票的，今年11月套餐生效，11月和12月返还的电子券我都用于充值了，也都能正常打印月结发票。即11月和12月的账单都是218元，除去赠送的20元副卡费用，实际消费金额都是198，打印的发票金额也是198元。     但是从今年1月开始，联通就擅自变更了服务内容，而且没有通知用户：用电子券充值的金额不能算进发票金额里，我1月消费407.12元，除去赠送的20元副卡费是387.12元；2月消费256.46元，除去赠送的副卡费是236.46元，但是发票金额却分别只有288.12元和187.46元，详情见附件这4个月的发票和账单。", "url": "http://wz.sun0769.com/html/question/201803/363828.shtml"}
{"title": "研究生思想政治表现审查表盖章", "number": "180419", "content": "    你好，我的档案在东莞市人才管理办公室，根据要求，研究生入学所需的思想政治表现审查表必须在档案所在单位盖章，请问贵单位能否盖章呢？如果可以我该找具体到哪个科室呢？", "url": "http://wz.sun0769.com/html/question/201803/363823.shtml"}
{"title": "东莞龙昌数码科技公司逼老职员离职", "number": "180424", "content": "    公司辞退职员但又不想按劳动法补偿,采用如下方法:1.放长假6个月;2.假后上班不给绩效(绩效为工资的15%);3.要求晚上加班(无偿);4.不加班,退人事部培训.现公司有几十人经不起公司折腾,接受公司打折补偿(3至7折)离厂.     本人原在东城周屋厂上班,15年搬常平,搬厂时公司承诺并贴通告每天有车接送上下班,或发乘车补贴,但3个月后班车取消乘车补贴也不给.     因妻儿在周屋附近上班上学,因此每天座公交回家,晚上不能加班太晚(最多8点),因而现正在保安室监视学习.     请相关职能部门介入,给我们这些服务公司20多年,离职后因年龄较大将失业的人,主持公道.", "url": "http://wz.sun0769.com/html/question/201803/363829.shtml"}
{"title": "每天白天黑夜的KTV噪音", "number": "180427", "content": "    各位领导：        东莞市桥头镇宏达步行街100号是这一带都是居住小区及生活住宅地方，自2017年下半新开一间汇豪沐足，每天晚上放歌唱到十二点，甚至更夜。白天也放，尤其星期六星期日，简直无法好好休息。附近的住户个个都抱怨……。希望社区领导能来解决一下，感谢！困扰着太烦了，休息不好！", "url": "http://wz.sun0769.com/html/question/201803/363831.shtml"}
{"title": "茶山镇粟边村超东路新诚风机厂露天喷油漆严重威胁居民身体健康", "number": "180428", "content": "    位于茶山镇粟边村超东路粟边社区卫生服务站斜对面的新诚风机厂,每天将生产的风机直接在大门外面露天喷油漆,刺鼻有毒的气味令人窒息,严重污染周围环境,附近居民深受其害,严重威胁了居民的身体健康,2017年附近居民多次向茶山环保分局投诉反映问题,环保分局有到现场取证检查证实情况属实,还发现该厂营业执照没有办理喷漆相关手续,责令该厂停止喷漆生产,但该厂之后仍然继续在门外露天喷漆,跟以前一样,毫无顾忌,居民再多次向茶山环保分局投诉反映问题,环保分局接听了,但不能回复何时处理?怎样处理?居民非常气愤和无奈,直到现在该厂仍然每天大摇大摆地在大门口外面喷油漆,不停地喷着毒气,在此恳求市局领导,有关负责人,迅速跟进处理,为我们附近居民身体健康着想,还我们一个无毒无臭的空气环境,帮我们严查处理该无良企业,实实在在为民办实事,解决问题!", "url": "http://wz.sun0769.com/html/question/201803/363833.shtml"}
{"title": "南城石鼓中天城市之门车位严重不足，大龙路交警经常半夜抄牌", "number": "180426", "content": "    石鼓中天城市之门700多住户，小区内总共才300多车位，门口大龙路未设置停车位，车位严重不够，导致很多住户晚上回去的时候根本没有停车位，只能停大龙路边上，明天一早基本都开走了。而交警经常半夜过去抄牌，小区时常很多车子中招。希望政府考虑实际民情，在大龙路适当设置一些停车位，允许晚上停车。    ", "url": "http://wz.sun0769.com/html/question/201803/363835.shtml"}
{"title": "我想配合万江消防大队办理消防，但是......", "number": "180433", "content": "同志你好：    去年万江社会事务局组织针对万江接送站检查，我站（万江区石美社区石美大道60号瑞腾接送站）因消防不过关，然后我们积极配合政府办理相关消防手续，我去到万江消防大队领到了相关办事流程，准备开始着手办理，其中最后一条写到《建筑工规划许可证》我去找石美村委要，他们说这个是老房子没有这个东西，我又跑到万江规划所问，他们说这属于历史房屋，没有这个规划证，不过可以按规定开出相关证明，我又打电话到万江消防大队，他们说这个证明没用，要我找村委，我又跑到村委，村委管物业的主任说没有这个东西，我说你想想办法，他说这个是老房子没有这个东西，我又跑到东莞市规划局咨询，大厅办事人员说那这样你只能告村委，把没有主题消防的违建租给你了（我想这个如同隔靴挠痒，起不到解决实际问题的作用）。然后我就在网上查，看到虎门镇有一例类似于我这种特殊情况的，他们虎门镇设有专门补办这个规划证的办公室（问题编号159269）万江好像没有，消防局说六月一号之前要办好，所以这个问题就卡在这里了。后来又跑到万江消防大队，他们说这栋楼的主题消防是由业主负责申报（石美村委）我又去村委找负责消防的那个主任，他不在，打电话他又推脱，所以我从去年为这个事问过很多人，村委的人见我去了好几次，他们也不知道怎么办，我又跑到万江政府，门卫不让我进，所以这个事就不知道找谁了，我是在配合政府相关工作，遵守相关规定，咋这么难呢？村委的物业应该把主题消防弄好了再对外出租啊，你看看前前后后花了四五十万装修的，这个事怎么处理？主题消防没有，万江消防大队说要我们六月一号前搞好，去找村委他说没办法，我跟万江消防大队的工作人员说，他说这是你跟村委的事，那我又去找村委，村委说没本法哦，我又去万江消防大队，我说村委说没办法，万江消防大队也说那也没办法哦，那这个消防的事我想配合好政府相关职能部门的工作，但是他们都说没办法哦，怎么办？哪个能管事的领导让村委把我这栋楼的主体消防办好呀，连个消防栓消防管都没有，啥都没有就放到社会上公开招标，综上所述：租村委物业前，不知道这栋楼啥证都没有，我们装修花了四五十万，现在万江消防局来查接送站，关于消防这块，主体消防（一次消防）是村委的事，二次消防是我们的事，现在村委不管事，消防局又来查，咋整？", "url": "http://wz.sun0769.com/html/question/201803/363834.shtml"}
{"title": "责任商家拒绝履行关于“阳光热线173286号”的工商管理局的调解判处，请跟进处理。", "number": "180430", "content": "    尊敬的市工商局领导：            你们好！        在2017年12月1日，有消费者(阳光网友dgh2007)投诉南城中乡味鹅城关门跑路，不退还消费者会员卡余额一事。(阳光热线173286号)。        贵局单位在2017年12月27日有进行处理结果回复：经过调解判决，同属中乡味餐饮公司，现今在“鹅城”原址装修重开的“榕记”作为责任商家应退还消费者会员卡余额，该公司经理汤正君也同意执行贵局的调解判处。            但本人自2017年12月份收到“榕记”的电话回访后(询问我的会员卡和银行卡信息)，之后就一直推托等待消息，一直没有退还会员卡余额给我。故此，我于3月17日起每日打电话去“榕记”追问此事，该店店长(女性)干脆否认承担此事，拒绝退还会员卡余额。也拒绝提供该公司经理汤正君的电话号码给我，说会上报后再回复我。但是至今已经过去4天，我电话至少打过去3次，有电话记录和录音作证。            综上所述，对此对消费者、对行政管理部门出尔反尔的失信商家，请贵局单位依法依规进行查处。        谢谢。", "url": "http://wz.sun0769.com/html/question/201803/363836.shtml"}
{"title": "万江简沙洲围院式管理只负责收费不处理停车事件", "number": "180431", "content": "    万江简沙洲围院式管理每个月收取130元费用，只收费，不管理停车位置的事件。在简沙洲商业街规划了停车方格，车主按照规划格停车，多次遭受商业街店铺老板恐吓，威胁。说不能停在这个位置。去相关部门（简沙洲管理处、居委会）投诉。统统不受理，忽悠车主，说有位置就可以停。结果再次受商业街的店铺老板恐吓与威胁。简沙洲围院式管理处根本没有与店铺老板沟通关于商业街停车的事件。导致店铺老板将门前规划的方格与门前位置据为己有。        望相关部门能及时处理。感谢。", "url": "http://wz.sun0769.com/html/question/201803/363837.shtml"}
{"title": "万江区共联古屋村北河道臭味熏天", "number": "180434", "content": "    近日，万江区共联古屋村北区沿河路河道白天黑夜都是臭气熏天，严重影响周边居民的生活，河道淤泥墨黑，最近尤为气味大，怀疑是否有人偷排偷放污水导致最近恶气熏天，望有关部门重视并整治，不要让这种行为影响东莞市的环境，谢谢。", "url": "http://wz.sun0769.com/html/question/201803/363838.shtml"}
{"title": "垃圾", "number": "180483", "content": "虎门镇怀德新沙埔村民小组六巷不号对面放满了垃圾，这些垃圾都是扫地清洁工在扫地过程中捡回来的垃圾放在那里实在太影响了周围的环境。", "url": "http://wz.sun0769.com/html/question/201803/363901.shtml"}
{"title": "东城同沙社区居民区内的一家企业发出恶臭！为何环保部门处理后还在生产排放恶臭！", "number": "180485", "content": "                 一、东城同沙的绿榕街往八一路方向走三岔路口左边有家叫\"锋成激光刀模\"的楼梯上去（已上图），高空排污发出恶臭！         二、 之前在2018年1月18日投诉（编号:176668），市环保局2018-02-07回复勒令其停止生产，为何今天2018年3月21日这家\"锋成激光刀模\"依然继续违法生产并排出恶臭？ 时间跨度足3个月，环保部门是否不作为，还是作为不到位？？！！同沙人民等待环保部门还需要等多久？？政府部门还可以信任不？？                  国家规定住宅区明文规定不能办厂,特别带气味污染、噪音污染的企业！请环保部门“尽快”严肃处理，还同沙人民个健康环境！", "url": "http://wz.sun0769.com/html/question/201803/363903.shtml"}
{"title": "关于已成立业委会的小区选聘物业公司问题", "number": "180486", "content": "    尊敬的领导，您好。     华凯豪庭小区是个2006年入住的小区，现在即将成立第三届业委会，迫切选聘新的物业服务企业。现咨询以下2个问题：     1、《广东省物业管理条例》第三十六条，“前期物业管理阶段的住宅物业，建设单位应当通过招投标的方式选聘具有相应资质的物业服务企业进行前期物业管理服务，并签订书面的前期物业服务合同。投标人少于三个或者总建筑面积不超过五万平方米的住宅物业，经物业所在地的区、县人民政府房地产行政主管部门批准，可以采用协议方式选聘具有相应资质的物业服务企业。”《东莞市房产管理局物业服务招标投标实施细则》规定，“ 在业主、业主大会选聘物业服务企业之前，住宅及同一物业管理区域内非住宅的建设单位,应当通过招投标的方式选聘具有相应资质的物业服务企业。”     以上规定都是对前期物业管理阶段“建设单位”的要求。现在华凯豪庭小区计划由业委会牵头，选聘新的物业服务企业，是否可以采取协议方式？或者由业委会牵头，在几家物业服务企业中先选出1家，然后组织业主大会投票表决，如果双过半同意，即选定，否则重新开业主大会再选。（我们理解，关键是依法组织召开业主大会，并且能双过半同意。对民间行为，法无禁止即可为。）     2、业委会想尽快选聘出新的物业服务企业，从你们的经验来看，建议采取哪种选聘方式？（华凯豪庭小区业主的特点是比较团结一致）。     以上问题，请给与明确的指导意见。万分感谢！", "url": "http://wz.sun0769.com/html/question/201803/363904.shtml"}
{"title": "投诉圆通快递", "number": "180487", "content": "    运单号：888647119588100192    快递公司：圆通速递    2018-03-14 广东省东莞市新东城公司 已收件    2018-03-14 广东省东莞市新东城公司 已打包    2018-03-15 广东省东莞市新东城公司 已发出,下一站 虎门转运中心    2018-03-15 虎门转运中心公司 已收入    2018-03-15 虎门转运中心公司 已发出,下一站 深圳机场    2018-03-15 广州转运中心公司 已收入    2018-03-15 广州转运中心公司 已发出,下一站 潍坊转运中心    2018-03-17 潍坊转运中心公司 已收入    2018-03-17 潍坊转运中心公司 已发出,下一站 山东省东营市    2018-03-17 山东省东营市公司 已收入，已经不动了，几次联系无果，赔偿收件方30元人民币", "url": "http://wz.sun0769.com/html/question/201803/363906.shtml"}
{"title": "投诉东莞电信局无理强行固话停机", "number": "180490", "content": "    投诉东莞电信清溪分局，以换光纤为由强行停掉老客户的固话通话。强迫用户交安装费和提高月租转用光纤,因本人是电信十多年的老客户,当时已交报装费用是有合约的,不能电信单方面说停就停的,再说固话是我安装给我年迈的老母亲作联系用的,光不光纤,快不快跟本没作用,其它功能也用不上,再说本人一不欠费,当年也有交钱报装怎么就没了选择权,在习大大的领导下还有这样的霸权做法?本人强烈要求尽快恢复本人通话权利。", "url": "http://wz.sun0769.com/html/question/201803/363910.shtml"}
{"title": "报了私立小学被录取了还能参加积分入学吗", "number": "180491", "content": "    请问领导            现在私立小学都开始招生了 如果我小孩最近被私立小学录取了            还能参加5分份的公办小学积分入学吗？？？？？到时候公办积分录取上了可不可以把私立的退掉？            我非常想参加积分入学 但又怕积分不被录取 到时候又错过了私立小学报名            不知道该怎么办", "url": "http://wz.sun0769.com/html/question/201803/363912.shtml"}
{"title": "东莞居住证", "number": "180492", "content": "    本人2017年7月份办理东莞居住证现在2018年3月底了．还没领到证。急需呀！有没有相关部门帮忙查一下。谢谢！", "url": "http://wz.sun0769.com/html/question/201803/363913.shtml"}
{"title": "居住证有效期内被错误注销，申请撤销注销恢复相关信息本人如何跟进？", "number": "180494", "content": "    本人居住证有效期内被错误注销造成无法续签，同公司的还有好几个有同样的问题，现我们已向沙头派出所提出申请撤销注销恢复相关信息，因派出所工作人员告知需要报到省厅处理无法预知需要多久才能处理完成，有以下问题咨询：    1. 向派出所申请撤销注销恢复相关信息时，派出所工作人员只收取了申请人的居住证原件及电话信息，并无任何回执，申请人如何确认该申请已被有效处理？    2. 由于没有任何回执且无法查询处理进程状况，申请人提交给派出所的被错误注销的居住证原件如何确认不会被意外弄丢？    3. 申请撤销注销恢复相关信息后，往年的居住年限是否有累计？", "url": "http://wz.sun0769.com/html/question/201803/363916.shtml"}
{"title": "买了房子，钱一直收不到，东莞中堂工行不放款", "number": "180496", "content": "      我卖了一套房子，中堂南国锦苑骏景居2号楼1单元2204房，在2017年11月份拿到了工行东莞中堂支行的同贷书，并约2017年11月30日过户，到了现在，还没有收到工行的贷款，也没办法查询问题在哪里，打工行电话，工行也不接！希望知道大约的放款时间！", "url": "http://wz.sun0769.com/html/question/201803/363919.shtml"}
{"title": "投诉莞城碧桂园帕克诺雅（天宝广场）违法加建", "number": "180497", "content": "城乡规划局出具的图纸中所指位置是绿地跑道，可从卫星地图可以看出已经被加盖一栋建筑物，如果这样都不算违规加盖，难道是城乡规划局的规划图纸出错？", "url": "http://wz.sun0769.com/html/question/201803/363920.shtml"}
{"title": "私搭违建", "number": "180498", "content": "    莞城区运河东三路28号塞纳河畔一期5栋202圈占公共用地，私自搭建违建。请求相关部门予以拆除，谢谢。", "url": "http://wz.sun0769.com/html/question/201803/363921.shtml"}
{"title": "买了一套二手房，原房东(台湾人，户口原籍却是湖北）拒不迁走自己的户口，且电话联系不上怎么办?", "number": "180499", "content": "    本人于2016年11月中旬买了一套南城石竹新花园的二手房（石竹苑17栋501），和原业主张**约定签订房屋买卖合同半年内，即2017年4月14日前将户口迁出，但至到2018年3月21日止其还没有将其户口迁走，中间沟通多次，最后干脆将电话拉黑，不再接电话，沟通期间张**本人和其律师承认，张**是台湾人，这个户口是当年为了在大陆生活工作方便通过非法手段取得，现在国家问政紧张，不能再迁到别处，也没有别处置业打算，想销户口大陆规定除非死亡，自己不愿意迁走了。我本人去过南城户籍办，办事员也不说明这样的情况怎样处理？我现在想说，像这样的死户口我投诉无门，恳请南城户籍办给一个合理办理的办法，注销这个户口，谢谢！", "url": "http://wz.sun0769.com/html/question/201803/363923.shtml"}
{"title": "晓景楼办理房产证", "number": "180502", "content": "    你好！        我是东莞市莞城区晓景楼的住户，2003年入住。2017年3月在城区拆迁办的办事指引下把各种税务全部缴清。缴费资料已提供给城区拆迁办。一直拆迁办回复由于晓景楼是拆迁户现已暂停办理房产证。具体办理日期要等房产局通知。每个月都咨询房产局和拆迁办都是得到同一回复。请问有没有一个部门可以回复到我这边的问题。望各级领导百忙抽空回复，无尽感激！", "url": "http://wz.sun0769.com/html/question/201803/363925.shtml"}
{"title": "建行南城支行一再失信，放款的时间遥遥无期", "number": "180508", "content": "    本人在东莞工作十多年，结婚后在东莞买了一个小房子，但现因生了二胎，家里老人帮忙带小孩房子太小不够住，去年计划把小房子卖掉换个大一点的房子，通过链家8月底签购房合同，中介说去年11月可以完成交易。为尽快收到款周转，找的泛华南枫担保公司，首付款，中介费，担保费，税费等所有费用早已全部交齐在担保公司，在建设银行南城支行贷款。买家同贷书利率上浮10%，银行近期给的放款时间从1月份一拖再拖一直不放款，一直说额度紧张。        3月6号银行突然通过担保公司说要上浮利率到15%才放贷，否则就是等待，无法给出放款时间。客户不同意提升利率，现在现在我们被卡在这里，自己房子已经卖了，也没收到钱，和新的业主也签了合同，业主每天都在催我逼我，给的时间是3月底，否则算我违约，要没收我的定金，我们一家人快被逼疯了。为什么提高利率就能提前放款，不提高就是无尽的等待，为什么其他同时交易的支行，都能给出放款时间，并早已收到楼款，而我们就要等，一直等……        眼看大的小孩马上要上小学了，到时户口方面的手续都来不及办理，我们被逼的进退两难，骑虎难下，中介公司、担保公司不作为，隔岸观火。请银监会的各领导监督建设银行尽快给我们这种百姓放款，放我们一条生路，感觉在东莞生存太难了，一刀切的政策让我们这些刚需人群没办法活。", "url": "http://wz.sun0769.com/html/question/201803/363939.shtml"}
{"title": "咨询西平地铁站以北的两块空地的规划用途", "number": "180501", "content": "咨询西平地铁站以北的两块空地的规划用途", "url": "http://wz.sun0769.com/html/question/201803/363927.shtml"}
{"title": "办居住证要多久？", "number": "180509", "content": "    去年四月份在樟木头交的资料办居住证，当时说半年就能拿证，十月份又交了身份证复印件到现在还是拿不到证件。问工作人员也不知道什么时候才能到，每次都让我过十天半个月再去看看！已经去了五六次了，这是什么情况啊？", "url": "http://wz.sun0769.com/html/question/201803/363938.shtml"}
{"title": "居住证延期问题", "number": "180506", "content": "居住证2018年3月29日到期后，去横塘延期，但说我2015年在惠州居住登记过，2016年后东莞的居住信息被注销了，要重新登记满180天才能办理，2016年-2018年居住证都是在东莞，现小孩入学要用，请帮忙恢复2016年在东莞的居住信息，谢谢！", "url": "http://wz.sun0769.com/html/question/201803/363936.shtml"}
{"title": "违建占用消防通道", "number": "180510", "content": "\t位于大岭山镇大沙村大龙路33号的消防通道违建占用情况，原本就一间房子占道，现在又在消防道上安装上铁网违栏，对周边邻居们出入造成不更，已通过村处理不了，镇投诉没人理，已成为5年前村处理不了，5年后镇部门处理不到的违建事实，硬生生一条公用消防通道就这样给占为己有，望市有关部门能为老百姓办实事处理得到，还公用消防通道原貌，望有关部门重视解决！！", "url": "http://wz.sun0769.com/html/question/201803/363940.shtml"}
{"title": "2016的新能源车地补政策何日出台？", "number": "180435", "content": "    相关领导，现已经是2018年了，国家的2018年新能源车补助政策在去年的12月已经发出，但我市的2016年政策尚没出台，我市相邻的广州、深圳的地方补助都是当年拿到的，我市每年投入在环保方面的资金不少，购买使用新能源车也是一种环保手段，为何我市的政策和全国其它试点城市的政策出台相差那么远？", "url": "http://wz.sun0769.com/html/question/201803/363839.shtml"}
{"title": "首套房贷款迟迟不放，银行一而再的失信，挺着肚子买的房一年仍未过户，现在却要刚需承担大额税费公理何在？", "number": "180474", "content": "         本人2017-4月就和业主 中介签订了房屋买房合同 。 2017年七月在东莞广发银行东翔支行签订了贷款合同，后期由于证件和其他方面的延误，在2017年11月被通知证件过期需要重新补交，最后在12月东莞广发银行取得同贷书，银行方面告知是2018.1月年初额度充足应该能放款，到了到了一月中旬通知说一月没额度了 ，二月肯定能排到放款，到了二月初就通知等到三月，到目前为止说新政执行，以前的合同不予受理。 2017年年初就购买的房屋，拖到现在仍未过户，并且等来了这个后果，本身购房是为了让以后小孩上学 ，实在难以接受这个结果！                 银行执行新政，我们客户不置可否。但是也得有信用可言，同贷审批下一步就是等待放款 任何政策变动不该让等待了半年的客户来承担这个超额损失 ，当初同贷前银行就有告知：同贷通过的话，利率变动将不受影响，这就约定就算利率下跌我也只能按照同贷上浮20% 执行贷款合同。同理，这对银行一样具有约束力。 可是到了目前这个状态，银行不放款 投诉也解决不了任何问题，。。 这点让客户很寒心                 已经交齐了首付和交易费用，可是现在银行不能放贷，房屋不能正常过户。业主天天催促，可是贷款不是买家决定有就可以拿到的，现在我们双方面临打官司的局面。 如果贷款迟迟解决不了，买家该作何为？ 真的不知道现在到底该怎么办了！                 希望银监会能合理斟酌，体谅刚需买房的青年。我们是90一族，好不容易可以拥有一套自己的房子，在大城市安家 ，最后却得到这样的结果，要么定金赔偿给客户 要么接受不合理上浮的贷款利息和税费 。 如果这个政策先行公开，我想大多数人可能就不会去选择购买二手房了 可是已经购买之后，才出来这种损害利益的政策，让买家如何承受，因为买家根本已经没有选择的权利。。 因为无论怎么选择，都必须承担大笔的费用！                希望广发总行能体谅我们这批新政前买房的年轻人。 新政在后，我们在前，而且我们没得选择 。。 希望银行能给我们一个好的处理方案  。", "url": "http://wz.sun0769.com/html/question/201803/363892.shtml"}
{"title": "关于万润财富中心住宅小区开发商擅自更换物业公司的申诉", "number": "180440", "content": "    关于万润财富中心住宅小区开发商擅自更换物业公司的申诉    东莞市房管局：    东莞市寮步镇万润财富中心（也称万润广场）于2017年2月3日开始入伙，截止今日，万润财富中心住宅小区业已全部交房完毕，目前仍由深圳市彩生活物业管理有限公司管理小区物业，我们业主也陆续装修完毕并住进小区。    2018年3月9日，很多业主突然在小区内看到《关于接管万润广场住宅小区的公告》。经我们广大业主多方了解取证，此举实是东莞市万润实业投资有限公司（后简称为“开发商”）擅作主张引进新的物业公司，对于开发商这种强行剥夺我们广大业主权力的行为，特此向政府提出以下几点诉求，希望地方人民政府及主管部门介入协调，为民做主：    万润财富中心住宅区域目前已经全部交房入伙完毕，开发商不应再主导本小区的物业管理具体事宜。    本小区如须选聘新的物业公司，本小区广大业主应持有但不限于知情权、投票选举权等应有的权力，不能任由开发商摆布；广大业主强烈要求拿回自己的权力。    根据开发商与业主签订的《商品房买卖合同》第二十一条之（一）和（二）约定：本小区的物业服务企业为深圳市彩生活物业管理有限公司，物业服务时间为2016年12月30日至2019年12月30日。开发商在合同期间选聘新的物业公司也违背了销售合同条款，构成合同违约。    综上所诉，万润财富中心住宅小区广大业主恳请地方人民政府介入调查与处理。为谢！        此致", "url": "http://wz.sun0769.com/html/question/201803/363842.shtml"}
{"title": "东莞大岭山镇大片美村为什么办理居住证这个慢，回复简直无法忍受！", "number": "180437", "content": "         领导，你好：     我在东莞市大岭山镇大片美村村委办理居住证，提交资料的日期为2017年8月7日，可是到今天为止(2018年3月20日）      时间已经过去了7个半月，期间去询问办理情况不下于10次，今天下午特意又去了，告知时间不到，需要在等，起初     给的时间是半个月，半个月过去了，今天告诉我还要等1个月，我是按照正规流程提交的资料，办理手续，当时告知     等半年6个月就可以拿到证，现在都不知道到底要到什么时候才可以拿到证，连时间我们也不知道，办理人员回复不     方便查询，态度模棱两可，我们这样无期限等待，确实不知道如何办。     希望领导能帮忙解决，想想！~    ", "url": "http://wz.sun0769.com/html/question/201803/363841.shtml"}
{"title": "邮政银行东莞分行6个月没放款", "number": "180504", "content": "    首套房，二手交易，17年9月份拿到的邮政银行东莞分行同贷书，放款时间遥遥无期，这个事谁能管？到底谁不作为？把名字报给我。", "url": "http://wz.sun0769.com/html/question/201803/363932.shtml"}
{"title": "三价合一房贷受影响", "number": "180438", "content": "    2018年一月初签了一套二手房，付了8万订金，一月20跟农行签了贷款合同，当时告诉我房价十概评估到一万三，利率上浮15％，到2018年三月初农行告诉我利率要上浮20%问我还继续贷不，我说贷。2018年三月20号告诉我的这套房子要受三价合一影响，我要多交12万个税，这是什么理，明明政策前签的合同为什么还要受影响，而且政策出来这么久才告诉我", "url": "http://wz.sun0769.com/html/question/201803/363844.shtml"}
{"title": "大岭山建设路23号德饮啤酒吧严重扰民", "number": "180439", "content": "    从去年9月一直投诉到18年3月，他这间酒吧根本没有手续，还私设ktv严重扰民，这算什么？政府执法部查了这几个月，依然我行我素，是商家藐视法律，还是执法不严？", "url": "http://wz.sun0769.com/html/question/201803/363843.shtml"}
{"title": "小朋友上小学问题", "number": "180442", "content": "    问一下，本人在东城集体户，小孩子不能入集体户口，跟妈妈户口在寮步。        但家庭工作都在东城，小朋友读小学，不可能跑回寮步读书，能不能跟我东城的户口，安排在东城小学读？需要办什么手续？", "url": "http://wz.sun0769.com/html/question/201803/363854.shtml"}
{"title": "请问交警部门对交通信号灯恢复读秒倒数功能研究进展如何？", "number": "180446", "content": "尊敬的交警支队：        本人在1月份咨询的关于何时能恢复启用交通信号灯读秒倒数功能的帖子得到贵局的回复，贵局称会研究增设部分路口的LED数字倒计时显示功能。        请问何时有结果？并且是否应该将范围覆盖在全市大部分地方以提高道路通行率，减少司机过路时的焦虑感？", "url": "http://wz.sun0769.com/html/question/201803/363858.shtml"}
{"title": " 邮储银行何时才能放款？我的尾款什么时能到？", "number": "180436", "content": "     本人因急用钱，2017年9月签买卖合同，买方11月1日出了同贷书。12月过户卖了房子，今年1月22日就出了新证交由贵行（石碣支行）做抵押登记，至今也不知道进度到哪？房子过户了 从去年便交房给买方。迟迟未能收到款。烦请跟进放款时间给予回复！", "url": "http://wz.sun0769.com/html/question/201803/363840.shtml"}
{"title": "关于满分学习预约的咨询", "number": "180324", "content": "您好，我有个疑问，就是我的驾驶证已经公告停止使用了，我去问满分学习培训室的工作人员，她们都说可以预约，但是我连续三天在8点就开始预约，都不行！有两天我还去了网吧预约！所以我想问下公告后的就不能预约吗？还是需要怎么处理？", "url": "http://wz.sun0769.com/html/question/201803/363671.shtml"}
{"title": "寮步星城国际花园五期（华欣花园）楼下车行长期大量停放僵尸车占用公共停车位", "number": "180444", "content": "寮步星城国家花园五期（华欣花园）楼下车行横向，长期将大量二手车停靠占用公共停车位，并私自将大片公共车位划为己用，导致停车位严重紧张，希望相关部门尽快处理这些不良商家！", "url": "http://wz.sun0769.com/html/question/201803/363856.shtml"}
{"title": "虎门镇南栅社区四区文明路下水道井盖噪音扰民", "number": "180445", "content": "    尊敬的有关领导和部门：        我是虎门镇南栅四区文明路的住户，因为该路段排水井盖用太薄的井盖，加上重载车辆多，近期路中间排污工程施工，所有车辆往两边井盖上面走，造成噪声巨大、彻夜不停！住户及周边群众每晚无法入睡、苦不堪言，长度从文明路万悦百货到沿江高速桥底。期望有关部门本着以人为本，造福百姓的精神，尽快解决这个问题，谢谢！", "url": "http://wz.sun0769.com/html/question/201803/363857.shtml"}
{"title": "东莞东城居住证", "number": "180291", "content": "    各位领导们好！本人在东莞东城一工厂做事．也准备把小孩接过来读书。本人是2017年7月经厂里负责任统－办理的居住证．说是要半年．结果至今2018年3月份了任无消息．期间也问过两次但都是等待告知。我不知要等到猴年马月呀！查也无从查起．现已9个月了。我希望相关部门能不能提高－点效率．最后我只想向各位领导们咨询一下我的居住证到底什么时候可以拿到？谢谢🙏！", "url": "http://wz.sun0769.com/html/question/201803/363623.shtml"}
{"title": "投诉东莞广仁驾校", "number": "180552", "content": "    我去年2017年九月在东莞黄江黄牛埔广仁驾校报名，去年年底12月13号考取科目二，已过！！我多次预约学习科目三，如今三个月过去了！还是没有安排！多种推脱，和我身边一起工作一起报名的都已经预约练习，甚至和我一起考科目二的，都已经考科目三了！接待处态度恶劣！我严重投诉，要求退还学费！！", "url": "http://wz.sun0769.com/html/question/201803/363994.shtml"}
{"title": "为何东莞是篮球城市，而我们区1000多户却没有一个篮球场？？？", "number": "180513", "content": "    我们是东莞市道滘镇富盈水岸华庭（即南阁大桥旁的富盈WO城）小区业主，现在向住建局咨询一下，我们小区1000多户却没设计一个篮球场，这样的小区为何符合设计要求。毕竟现在东莞市是篮球城市，现在小区肯请住建局的领导为我们争取筹建一个篮球。请告诉我们应该如何可以申报建一个篮球场？还我们小区一个孩子的活动场地，谢谢！", "url": "http://wz.sun0769.com/html/question/201803/363943.shtml"}
{"title": "关于宏远物业暗箱操作内定江南雅筑业委代表的投诉", "number": "180512", "content": "    近日我所居住江南雅筑小区举行业委代表选举    但过年前几天物业偷偷摸摸贴出报名通知,并未在平常的物业及业主沟通群做提醒,导致很多热心业主错过报名时间,待大家发现的时候,候选名单又已内定,跟上届的无太大差别,那个在业主群里耀武扬威的说已经代表过我们五年,而且又要代表我们5年的依然在名单中...    因为在过去这些年中,物业广告车位收入及支出不公开,电梯坏了不及时修,墙皮脱落不及时处理,垃圾箱满了都不清理走发出臭味,江南雅筑小区二期绿化带未经业主同意带改成车位,江南雅筑小区二期内有个存放煤气的煤气站时时刻刻透着危险等等问题,上届业委代表没有任何作为,也没有起到跟物业的一个沟通桥梁的作用.    鉴于这些问题,广大业主需要业委候选人拿出整改方案,于是业委代表迫不得已在3/17号下午三点召开了见面会,但业主到场发现摆满了投票箱要求投票,且之前已有物业保安拿着选票在大门口或挨家挨户要业主在选举空白票上签字,这已经严重影响到选举的公正性.    希望相关部门介入让广大业主公开公正参与的情况下,重新组建筹备组,重新选定临票唱票人,公开公正重新推选候选人,公开公正合规投票,物业不可做任意干预,还我们一个和谐家园,谢谢", "url": "http://wz.sun0769.com/html/question/201803/363942.shtml"}
{"title": "小卖部经营麻将台聚集闲杂人员赌博", "number": "180517", "content": "小卖部经营麻将台聚集闲杂人员赌博    地址：石碣镇涌口2村怡康街    涌口怡安街小卖部每天晚上经营麻将台聚集闲杂人员赌博问题，说话很大声影响附近村民休息，经常赌到半夜11点-12点多才关门治安问题令人担忧，基本每天都是那群闲杂人员，现在有风声了藏在里面赌了，平时可能赌资小一点，有时星期六星期天赌博可能有500以上，有时其他地方人开车来赌可能有1000以上，这样经营赌博很多年了,这个老板一开这个小卖部就赌到现在了，希望相关部门管管    ", "url": "http://wz.sun0769.com/html/question/201803/363949.shtml"}
{"title": "关于公司联络员变更重申事务咨询", "number": "180520", "content": "    本人经营网店小生意人，但由于网商变革需要，找第三方代注册了个公司做网商并找代理财务公司代理记帐，但由于网店无法经营下去结业，但公司需要正常申报，，财务公司记帐费高想终止与财务公司的作合，但是财务公司不想交接公司的联络员帐号与密码等申报文件回法人，请问：法人对公司申报帐号和联络员帐号密码一无所知，公司法人可以用身份证和营业执照重申联络员帐号吗？我是守法的公民不想变成失信公民，没有这些将无法正常申报公司财务情况，请你们帮帮我解决这个问题。非常感谢", "url": "http://wz.sun0769.com/html/question/201803/363951.shtml"}
{"title": "关于小孩入读积分加分事宜", "number": "180264", "content": "    尊敬的领导：         您们好！         以下问题请早日回复,本人好做安排        1.父亲城镇户口,母亲农村户口（小朋友在其母亲的户口本名下）,请问用父亲的这一方积分给小朋友可以？        2.超生的第2胎已经缴纳的社会抚养费且有相关财政收据（在县财政局可以查询的到）是否可以申请计生加20分？该如何操作？        3.广州的社保缴纳时数转过来东莞是否可以积分？        4.一般公办学校插班生要怎么样安排？       盼早日回复.谢谢", "url": "http://wz.sun0769.com/html/question/201803/363583.shtml"}
{"title": "常平镇丽城花园丽苑豪庭有房产证，房管所不让过户出售", "number": "180515", "content": "    常平镇丽城花园丽苑豪庭有好几栋有房产证不能出售，从中介了解来说是这几栋房子属于违建，又听说某任领导的责任，现在我们都是手头有合法的房管部门发放的房产证，怎么不让过户出售呢，不管是不是以前**的杰作，还是什么原因，也不应该让我们业主来承担，况且现在总理口号坚决制止“新官不理旧账”，请房管部门作出解答和妥善的解决处理此问题！", "url": "http://wz.sun0769.com/html/question/201803/363945.shtml"}
{"title": "光大山湖城小桥车辆通行问题第5问  编号:178932  ", "number": "180521", "content": "    提问：小桥车辆通行问题  编号:178932          你好，作为山湖城花园住户，面对出行的问题，在一问、二问都无法开通大岭山镇光大山湖城3号门出口对面小桥车辆通行的问题之际，恳请相关部门告知：面对一个马上近2万人居住的小区，出行只有门口的连马路一条主干道，3号门口小桥在批准后的规划图上是消防兼人行出口，面对水泥墩如何产生消防兼职出行价值，为便于出行，修缮小桥或增添小桥该由什么人向什么单位提出申请，经过哪些合规程序才能批下出行的通行桥或新增小桥呢。如因政府经费紧张，在民间自古以来一直有集资修路架桥行善，请问可否仿古法行之。请回复为盼         另附规划局网站下载图片。        处理状态：已回复        网友：wsq69@@ 发言时间：2018-01-16 14:36:38         声明：以上留言仅代表网友个人观点,不代表本网站立场和观点。        市城乡规划局回复                 1、经核查，来信中所提小桥位于山湖城花园项目东南面，项目用地红线以外，小桥上设置两个水泥墩影响出行，建议由山湖城花园项目用地单位与大岭山镇人民政府协商解决出行问题。        2、关于修缮小桥或增添小桥问题，请向大岭山镇人民政府咨询。                        请大岭山人民政府作主    处理状态：已回复    网友：wsq69@@ 发言时间：2018-03-05 09:18:39     声明：以上留言仅代表网友个人观点,不代表本网站立场和观点。    大岭山回复            转来的阳光热线178932号信已收悉：1、信中提到通过3号门口小桥出行，经勘查为危桥，不适宜车辆通行，并且不符合我镇控规；2、为解决此区域出行问题，地块东侧规划连马路连接水厂路的规划道路，以及地块西侧规划建设大道（实施中）。    大岭山镇规划管理所    2018年3月9日            很感谢大岭山政府的回答，我有两个问题：1、想进一步了解建设大道在政府报告中（实施中）是指报告的计划在实施，还是行动在实施，一次性回答干干脆脆的好吗，能否一直把问题说清说透呢？这个问题从去年17年12月至今，已5次发问，政府每次都积极回应，感谢政府！2、如果3号门小桥界定确属危桥，也不合控规，从安全角度考虑，予以拆除，以免隐患。谢谢政府解答。3、民间筹资官方督办造桥历来是中华民族优秀传统，希望能在这里弘扬，万望大岭山人民政府盼人民之所盼。", "url": "http://wz.sun0769.com/html/question/201803/363953.shtml"}
{"title": "高埗颐龙湾旁的丞恩花园又在销售。", "number": "180519", "content": "    高埗颐龙湾旁的一个楼盘，叫做承恩花园的，之前说没有合法手续而被查封停止销售。现在发现他们又在销售了，请问这个楼盘是否已有销售资格，是否已经办齐所有合法的手续？如果没有，为什么现在又在销售了？", "url": "http://wz.sun0769.com/html/question/201803/363952.shtml"}
{"title": "再次举报小产权房松岭新园违法建筑，违法卖房。", "number": "180522", "content": "\t举报东坑镇最大的小产权房松岭新园违法建筑，违法卖房。    一，东坑镇最大的小产权房松岭新园的老板范俊兵在未取得建设用地规划许可证及建设工程许可证的情况下，擅自违法建筑小产权房面积约40000多平方，共约400套小产权房。    二，大老板范俊兵在没经镇府主管部门的批准，大胆进行松岭新园小产权房卖房，在松岭新园一楼设立物业咨询中心为销售处，在小产权房卖房时，大老板范俊兵说他有大领导做后台，松岭新园小产权房是合法卖房，有报建手续，执法部门都不敢拆他的松岭新园小产权房，主管部门就是查都不敢查。    请执法部门去查一查胆大包天的范俊兵松岭新园的小产权房建筑及卖房是否合法？    地址: 东莞市东坑镇彭屋村委旁", "url": "http://wz.sun0769.com/html/question/201803/363954.shtml"}
{"title": "父母为东莞户籍子女为外地户籍初中入学", "number": "180523", "content": "    尊敬的塘厦教育局领导：    　　您们好！        　　因快临近18年秋塘厦户籍生招生时间，我家适龄孩子需入读公办学校，关于资料和户籍问题有不懂的地方：        1.居住证明：我们为新入户塘厦塘新社区居民，目前在塘厦本地没有房产，招生通知中所需资料：学区居住证明（房产证或已备案购房合同）原件和复印件，此项资料我们无法提供，请问没有这项资料是否符合招生，是否会影响孩子正常入学？        2.父母均为塘厦镇户籍，孩子为外地户籍的，可否享受优惠政策，入读塘厦初中公办学校？（我女儿下半年读初中，因出生证丢失没有同我们随迁入塘厦，目前正在补办中，后续会以子女投靠方式入户到塘厦，担心到时已过入学时间）        请领导体谅做父母为子女操劳的心情，在百忙之中帮忙解答，万分感激，谢谢！！", "url": "http://wz.sun0769.com/html/question/201803/363955.shtml"}
{"title": "户口问题", "number": "180525", "content": "    我位于万江0769的一套满五唯一的房子卖了，已经过户了，但我的户口是迁在我商品房里的，现在我的买家的小孩和我的小孩都要在2019年9月份上小学了，我已经是东莞的户口了，问万江新城社区能否入户，社区说我是个人户，不能入集体户，需要迁出再迁进，要我迁回原迁出地然后再迁回来！或者重新购置房产落户！东莞的一手新房起码也要个一年半到两年才能交楼入户，二手房交易市场整套流程下来现在也要差不多半年，我的房子还在走程序，等到我再去买一套房产再落户估计不止一年时间，但小学登记19年3月份就开始登记了，难道现在我这个东莞户口就真的这么难处理吗？我原先是农村户口，现在迁过来了，因为房子买卖问题又要迁出再迁进，我当初问万江市公安分局也是说不受理，不处理，但东城区市公安分局为什么说可以先让买家先入户进来？希望我这个户口问题能帮我解决下，让我在重新购置房产前能有个地方落户，让买家也能迁入户口！", "url": "http://wz.sun0769.com/html/question/201803/363957.shtml"}
{"title": "车辆占道、乱停放现象严重", "number": "180518", "content": "车辆占道、乱停放现象严重    地址：石碣镇涌口2村怡康街    关于涌口怡安街车辆占道、乱停放现象严重，严重影响出行的问题，每次下午下班回来附近车主就将车随便放在房屋两边，本来道路就小，现在加上停车就只能通过一辆车了（还要小心的通过），建议将车全部安排到北边治安岗附近空地，并加设杂物禁止在有车乱停    ", "url": "http://wz.sun0769.com/html/question/201803/363950.shtml"}
{"title": "建行第一国际支行迟迟不放贷", "number": "180526", "content": "    本人余2017年9月签订购房合同，购买东城一套二手房，10月份在中国建设银行东莞第一国际支行签订贷款协议，当时约定利率上浮5%且购买其银行的保险，11月同贷书开出，至今贷款还没下来，问担保公司，一个月往后推一个月，现在还被告知，银行现在优先放款上浮利率高的，要求我同意上浮贷款利率，这不是说一句话这么简单，上浮20个点，那我们需要承担多少利息呢，我们只是普通的工薪阶层，省吃俭用，好不容易可以在东莞有个家，而且还是一个小家，你们却迟迟不放款，当时买房也是各种计划才决定买此房，房贷已经是我们的上限了，现在加息，你还要我一家人吃饭吗？不是说排队放款吗？为什么排的这么不公平，如果这么是不是我一辈子的放不下来贷款，现在合同签了，定金给了，还给了担保公司1成首付，结果房子迟迟得不到。这些都是我们得血汗钱，希望相关领导可以考虑下平穷人生活得苦恼。    ", "url": "http://wz.sun0769.com/html/question/201803/363958.shtml"}
{"title": "从莞城到南城，迁个户口怎么这么难啊，真的要飞回成都老家开籍贯证明吗？", "number": "180524", "content": "    想把前卖家业主办理户口迁出，从莞城迁到南城，在南城派出所办理市内户口迁移，因为户口本的籍贯只到省，派出所要求籍贯必须是到市一级才给办理，要求回莞城派出所修改;回到莞城派出所办理籍贯变更时，要求回老家开籍贯证明怎么办？老家远在成都，怎么办呢？", "url": "http://wz.sun0769.com/html/question/201803/363956.shtml"}
{"title": "东莞厚街赤岭村大元小组篮球场自新年前重建到现在完工2个月，仍然不开放篮球场！", "number": "180527", "content": "    东莞厚街赤岭村大元小组篮球场自新年前重建到现在完工2个月，仍然不开放篮球场！为何完工2月这么久不开放给村民运动？篮球场早已没人施工！大门紧锁！有人翻进去运动，被人赶了出来，这虽然不对！但已经完工的便民措施为什么不开放？这是公家的钱建的球场！是为了服务村民！", "url": "http://wz.sun0769.com/html/question/201803/363961.shtml"}
{"title": "关于编号:179366问政事件的继续追问  ", "number": "180531", "content": "    尊敬的万江街道办的领导：        本人于3月9日向市教育局投诉我小孩在学校被撞断门牙无人处理事宜，链接：http://wz.sun0769.com/html/question/201803/362379.shtml，回复落款为贵单位信访办。本人觉得贵单位的回复非常片面，与事实不符，本人现提出意见。第一，校方班主任除受伤当日主动致电本人，其余时间未收到过电话，更别说关怀，请不要公开说瞎话。第二，我孩子是在当日下午课间时，交值日牌至五年级某班，执行的是学校方的指令，不是课间活动，请相关方勿做错误结论、错误引导。第三，无论磕断的是半颗门牙还是一颗门牙，也改变不了造成我孩子门牙使用功能受到影响，无法恢复使用功能的事实，也无法改变这适用伤残十级的现实，也不能减轻过错方造成的责任。第四，本人一直要求学校处理此事并没追究学校责任，而学校确实承担过错责任，学校方对此事的态度冷淡是何原因？        尊敬的领导，本人不是刁民，本人是受害者家属，是被侵权方，本人生活在东莞，生活在万江，希望领导们能切实保障我们的权益。每天打开收音机，收听到的，都是李希、李玉妹等省领导，梁维东、吕业升等市领导，在响应习进平主席、李克强总理的指示，做出这样那样改善民生环境、提振经济的措施指令；我们人民群众真心希望我们最贴近人民群众的“街道办”组织能做实事、能做好事，真正让社会主义文明建设从保障人民群众权益中做起。现在的社会，是信息高度透明的社会，也是信息传播特别迅速的社会，请各位领导切实帮助我解决此事，说不定这样的好事就会传遍社会，传到我们可敬的国家领导人眼里，国家领导会对东莞政府及地方在打造人民群众的“幸福感”工作进行肯定，最关键的是你们会得到人民群众的拥护，会感受到作为在共产党领导下的公职人员履责的荣誉。        尊敬的领导，再次恳请你们看到本人作为受害者家属内心的无助与对相关方的失望，请不要辜负一位人民群众对你们的信任。拜谢。请不要仅做官方语言的回复，本人需要学校提出的具体解决措施、时间要求；如仍像上次那样回复，本人无法接受......        ", "url": "http://wz.sun0769.com/html/question/201803/363967.shtml"}
{"title": "噪音扰民！", "number": "180534", "content": "    位于东莞市长安镇厦边社区沙堤街南6巷9号的东莞市长安崇尚模具加工厂，据知该建筑属于违建房屋，该加工厂经常性通宵工作，其噪音已经严重影响到居民正常休息，该处属于住宅区域，望有关部门及时处理！！！", "url": "http://wz.sun0769.com/html/question/201803/363973.shtml"}
{"title": "茶山星河电影城愚弄求职者", "number": "180529", "content": "    我在58同城上投了星河电影城的简历，他前一天叫我去面试，然后我去了面试，莫名其妙的要等一小时，然后莫名其妙的说人满了，不招了，拜托，你不招人能不能提前说一声，不要让人白白浪费一小时，还有主管态度差..", "url": "http://wz.sun0769.com/html/question/201803/363962.shtml"}
{"title": "石排与园州一河之隔，绕路十万八千里", "number": "180539", "content": "    石排到园州石湾原本10分钟不到的路，现在燕窝罗浮山大桥限高2.5Ｍ园州大桥2.5Ｍ，石龙东岸桥行一次3分200元罚款，货车是工厂生产城市生活运输必不可缺的交通工具，请问政府为什么要一棒子打死。我所了解到的现在园州的10家客户工厂因为东莞供货交通受阻都从园州搬迁东莞了再这样下去石龙园州会成为空城。", "url": "http://wz.sun0769.com/html/question/201803/363975.shtml"}
{"title": "上沙社区居委会至今仍未搬迁，导致部分村民未得到土地", "number": "180542", "content": "    上沙居委会没有按照“旧村改造条例”对房屋进行分配，据相关村民反映，现在的上沙居委会的地皮，原本按照“旧村改造条例”，居委会要将该地皮以旧换新分给居民的，后因为某些原因没有居委会没有搬迁，导致了居委会将村民的旧地皮拆迁征收了，到现在都还没有给村民发还新的地皮。相关部门能深入调查吗？不要光走个过场，事情压根没有解决。", "url": "http://wz.sun0769.com/html/question/201803/363980.shtml"}
{"title": "居住证因升級造成注銷，影响积分入学，請協助", "number": "180536", "content": "    本人及丈夫在黃江裕元南宝工作將近十三年，居住证一直有辦理，于去年将近过期有延期，办好领到手居住证上有效期为2017年5月26日至2018年5月26日。因5月小女小升初积分入学，去黃江裕元工业区警务处延期，却被告之我夫妻二人居住证因去年公安局系统网升级資料未入系統，从而过期注销。现重新办理需待半年，在10月份才能辦理。本人有告之急需5月积分入学，问是否有其它方法处理，办事人员說只能申訴，而无时间答复。再无下文。恳請公安局領导能否体谅老百姓小孩读书不易，原属公安局内部系統网失誤造成，不要將責任推卸給我们老百姓承担，影响到小孩读书之事。恳請市公安局領导能否幫忙尽快協助恢復居住证及去年居住证年限。拜託！感恩！", "url": "http://wz.sun0769.com/html/question/201803/363970.shtml"}
{"title": "关于温塘砖窑市场违规搭建大型帐篷!", "number": "180541", "content": "    位于温塘砖窑综合市场一横路141~142号商铺违规搭建大型帐篷经营夜宵档，从下午五点营业到凌晨以后，严重影响其他商铺利益，视线都被帐篷阻挡；自从去年政府集中整治乱摆摊，乱搭建帐篷，乱放广告牌，道路变宽了，街道也变得干净整洁。现在又有点死灰复燃了，跟城管玩起了“躲猫猫”。希望执法部门彻底执行，一视同仁，还其他商铺一个公平有序的市场环境。非常感谢!!!", "url": "http://wz.sun0769.com/html/question/201803/363979.shtml"}
{"title": "已经落户东城岗贝社区，党员组织关系如何接转到东莞？", "number": "180544", "content": "    尊敬的领导：        已经落户东城岗贝社区，党员组织关系如何接转到东莞？", "url": "http://wz.sun0769.com/html/question/201803/363982.shtml"}
{"title": "工程搁置，超高升降铁架成拦路虎！", "number": "180546", "content": "    位于厚街镇新塘村庙仔路的民宅基建工程于多年前动工建设，可不知具体从何时起，这项工程暂停了施工，从而当时施工需要的升降架，却迟迟没有处理，摆建于本来就狭窄的村道上。    目前，庙仔路段过往及停放车辆随着入住人口的增多而增多，升降架便成了此路的拦路虎，经常性造成交通堵塞。再加上周边停车场地有限，个别车辆乱停乱放堵塞路口，不但给周边群众出入带来不便，更是堵塞了此路段人民群众的生命出口——消防通道！    望相关部门能视群众小事为大事，重要事，及时跟进处理，保证群众生活的安全和顺畅，继续发展和谐社会！", "url": "http://wz.sun0769.com/html/question/201803/363985.shtml"}
{"title": "土地性质变更", "number": "180547", "content": "    我想问问东坑角社管理区的角社新村路北陆电气厂这边的人行道和绿化带，还有厂左边道路旁的土地性质是什么？以前是什么性质？现在是什么性质？百度地图的地址“113.924265,23.026116”。", "url": "http://wz.sun0769.com/html/question/201803/363988.shtml"}
{"title": "东莞虎门社保局为难打工者", "number": "180257", "content": "    本人老婆之前在一间公司打工，现在辞工不做了，需停社保到另一间公司买，2018年2.27号交的资料社保局说等5个工作日等电话，直到2018.3.19号虎门社保局至今没有一个电话通知，是什么原因也不说，本人和老婆都走了3次社保局都没说什么原因，直到星期五打东莞市社保局才受理，今天打电话去才说因为那公司少人，而且还电话过来给我老婆威胁说查什么，公司的事关我们打工者什么事呢，老板同意了，社区也同意了，就社保局一直拖，之前公司的老板不知道是不是打算准备不做了，而且我们打工者跟老板关系也不太好，那我想问下，之前公司不打算帮我老婆买社保了，但现在的公司想帮买又买不了，那我们打工者如何是好，两边都不是，难道我老婆交了四年多的社保要断了吗，那之前的损失谁补偿呢，", "url": "http://wz.sun0769.com/html/question/201803/363584.shtml"}
{"title": "职业资格培训补贴政策", "number": "180545", "content": "    请问对于东莞户籍灵活就业人员在省外获得的职业资格证书（高级工）是否可以申请东莞市补贴？", "url": "http://wz.sun0769.com/html/question/201803/363984.shtml"}
{"title": "寮步公安局办事不到位", "number": "180548", "content": "      本人于2018年2月13日在寮步星期八酒吧被多人打至重伤,差点性命不保,还在医院治疗中,然而寮步公安局在已明确知晓打人者身份且证据充足的情况下仍办案不力,效率低下,案件发生有一个多月,打人者仍逍遥法外,在此,本人恳请上级公安部门督促寮步公安局尽早破案,切实保护市民生命财产安全.(报案号:J441966500000201802000382)", "url": "http://wz.sun0769.com/html/question/201803/363989.shtml"}
{"title": "公交投诉电话及投诉", "number": "180262", "content": "    本人今天（2018.3.19）中午十二点左右下班时间，坐公交车，在人刚登上公交车时，司机突然关闭车门，把我人夹着，后打开门让我上车了，直到下车两胳膊被挤夹处仍疼痛。在车上记下的公交投诉电话打了半个小时都接不通。    我想问下遇到这种情况，我该如果是好？每天上下班都坐公交，也遇到许多很好的司机，本来投诉电话我也不想打的，也不想闹更不会讹人，但从我上车被夹痛到下车，司机连句抱歉的话都没有，更不用说关心的话了。东莞公交司机真有你们宣传片那样素质吗？再一个投诉电话不应该全天值机的吗？难道下班时段出事都没办法投诉了？！", "url": "http://wz.sun0769.com/html/question/201803/363587.shtml"}
{"title": "富盈莞城东方华府三期6栋3、4单元业主违法加建", "number": "180256", "content": "    投诉富盈莞城东方华府三期6栋3、4单元业主违法加建                      东方华府6栋3、4单元楼高25层，每单元2户共100户，在6栋4单元1202的业主石峰电话13723582308、4单元1302业主张生电话13925850101的带头集合下，业主们正准备在楼间凹位的采光井上加建楼板，这样每户可多7个平方的使用面积，在高房价的利益驱使下。不顾其他业主的合法权益，而且在楼体不知是否能再承重25层水泥楼板的情况下、没有资质认可的施工队、没有相部门的质量监管，就违法从一层搭建至25建楼，万一塌下来后果不堪设想，安全问题、楼宇结构问题也给整个小区埋下了隐患。他们说每户交了4000元给开发商，开发商也不管不顾并默许他们加建。另外带头人石峰也称城管局已找了某某领导做保护伞(有微信截图为证)，并称城管局不会干涉他们违建。在东莞城市中心市政府旁的小区公然违建，而且还有某领导关照。作为普通老百姓也实属无奈，恳请相关部门领导能公平廉明，及时制止不法行为。    一、责令带头人停止违建活动，还小区一个祥和安宁。    二、责令开发商“富盈“不能纵容包庇，履行应有职责，对违法加建应给予制止，并向有关政府行政部门报告。    ", "url": "http://wz.sun0769.com/html/question/201803/363585.shtml"}
{"title": "卖淫嫖娼", "number": "180259", "content": "    清溪三中附近有几个团伙经常以qq，微信，卡片形式发布卖淫嫖娼信息，严重影响周围居民的生活和小孩健康成长，希望有关部门能够管理一下", "url": "http://wz.sun0769.com/html/question/201803/363588.shtml"}
{"title": "万江牌楼基公寓的管理谁负责?", "number": "180261", "content": "今天2018年3月19日,事情发生在早上,地点在万江牌楼基公寓楼,里面有一个住户的摩托车被偷了,而且摩托车还有一把很坚固的锁锁上的。我想问，这个事情究竟谁负责？这个小区根本一点保障都没有，就只会在那里催叫管理费，管理费交了门口就天天大打门开，货车啊，面孔不知道生不生都进出随便，什么登记的都没有。那个摩托车究竟是被搬上货车还是被人撬开锁的，根本没人知道，门卫根本没有尽到门卫的责任，现在不是说没了一部摩托车要他赔的意思，我想说，今天没有摩托车，没人管，那么明天呢？明天有人随意上来撬门入屋盗窃那不是成了家常饭？根本就是门卫，村委的管理问题。就在上一年，小区的部分业主去村委那里投诉，要求换门卫，后来这事就不了了之。村委就一直拥护着门卫，中间有什么关系我们就不知道。我想说不是换不换问题，是整个村委的管理问题，一个大也不大的，小也不小的小区，竟然一个监控都没有，不装监控都算了，连多一个认真的人在门口看守着的都没有，什么登记啊，询问啊，是没有的。很多住户经常看到门卫去钓鱼啊，外面闲逛啊，剩下他的小孩在门口所谓的看守。上一年还有住户的门锁被撬了，幸好没有偷到什么东西。每次发生了这些事，门卫就不了了之。那我还可以找谁。清洁啊什么的我不多说了，楼梯经常有狗屎。我现在是在说安全问题，就是想说今天这个小问题要怎么解决？这个小问题不解决的话以后会有大问题越来越多，最重要的事人身安全没有一点保障。希望相关部门认真处理一下", "url": "http://wz.sun0769.com/html/question/201803/363592.shtml"}
{"title": "丰泰橡树溪谷漏水5年，没得到维修，现在还强收滞纳金6万，天理难容", "number": "180267", "content": "    本人于2012年在丰泰橡树溪谷购买了别墅42栋104号房，于2014年开发商通知收楼，本人到现场验房，发现楼顶多处漏水，地下室积水严重，然后物业和开发商说会整改，于2014年到2018年本人多次追询整改补漏事宜，无一得到解决，开发商和物业一直拖，本人到今还没收楼，直到今年2018年3月，本人准备装修该房产准备搬东莞居住，过来再次看房发现别墅多处漏水，地下室楼顶等不低于10处漏水，更加严重，去到物业处和开发商处了解，他们给出的答复是，该房欠管理费2014年至今3万多，滞纳金6万多，简直比高利贷还要过份，天理何在，物业还放下狠话，不交清欠费不给收楼和报装修，天理何在，2014年到现在5年了漏水不以解决，还收6万所滞纳金，本人从来就没有拒交物业，还一直和物业沟通，把漏水搞好我过来交管理费，物业至今还说一直在排队补漏，我到今天还一直打电话和物业经理沟通，现在把漏水问题解决了，管理费3万多我一分不会少支付给你们物业，谁知道物业非常过份，看到我们好欺负，说滞纳金管理费都必须要交清方可收楼和装修，后面经过我们几次沟通后，大吵后，目前经过沟通物业强制让我支付3万多物业费和交10%滞纳金即6000多方可收楼和装修，简直是霸王物业呀，如果我的房子在2014年验房的时候没有漏水，发现漏水后物业给我解决了，我二话不说，物业费一分不少，现在5年了都没有得到解决，知道我们要收楼装修了，只能求物业给开装修许可证和收楼了，就卡我们，非让我承担滞纳金，管理费我一直都说交，到今天我都说交，我不会少他们一分，是管理处的错，5年不帮我维修导致我的房子严重漏水，现在答应给我们维修了，就必须要交清管理费和滞纳金，拿着我交的滞纳金来维修我的房子，天理何容，请有关部门联系我，我们一家人花费全部积蓄买了这套房子，竟受到如此天大委屈，我不欠物业一分钱，也不要求物业赔偿，他们反而收我滞纳金，我也会一直上诉到东莞的各个部门的，还我房子。管理费我们会交的，但滞纳金我不会交的。请联系我解决这个问题。", "url": "http://wz.sun0769.com/html/question/201803/363596.shtml"}
{"title": "举报峡口水闸工作人员滥用职权", "number": "180258", "content": "尊敬的市水务局领导：       您好！现举报东莞市峡口水闸工作人员周丽祥。周丽祥，男，在峡口水闸工作近二十年。       投诉建议如下：    1.多年来，不少群众反映并热心提醒该人需改变其工作态度，该人不进行及时改正并经常一接到船只了解水闸水位情况的相关电话则马上挂机作无视处理，毫无责任心。    2.在工作中，面对船员经常粗口大骂，有损社会形象。工作中疏忽大意，服务态度极其恶劣。    3.随意私自滥用职权控制进出水闸船只，行为已触犯水闸相关法律法规！       请问这样的工作人员是符合十九大提出的富强民主文明和谐的社会吗？尽快处理该事杀一儆百的效益，提高水闸工作人员工作效率！      通过以上举报群众们对峡口水闸提出以下相关意见：    1.建议峡口水闸工作人员多听从群众意见，设立群众意见箱，每季度组织船员进行工作会议，加强水闸工作人员与各船员的沟通；    2.峡口水闸进出显示屏已破损多天，仍无人员维修，导致船员进出闸困难，建议尽快修好显示屏；    3.水闸排水泵原有四台可以快速解决进出闸问题，但现今水闸只开两台，大大延迟了水闸的运行速度，建议尽快恢复四台排水泵的工作状态；    4.由于峡口水闸每天都有近百条船只出入，前两年水闸收费时，我们船舶每月可通航20班次，但现在每月仅行不到10班次，造成船员生活经济来源大大下降50%，面对生活压力困难，希望市水务局主管领导能重视峡口水闸的业务工作，使广大船员能改善生活困难。        反映情况如上所述，请相关部门尽快对东莞市峡口水闸相关工作进行监督改善！", "url": "http://wz.sun0769.com/html/question/201803/363590.shtml"}
{"title": "孩子遭黑心午托阿姨辱骂殴打", "number": "180266", "content": "\t相关领导，您好！        我是东莞南城阳光中心小学五年级一名家长，我孩子从四年级第一学期开始在名为“东莞南城星空学生接送站 （地址：东莞市南城区新城城市中心菊香苑4栋308）进行午托，该午托机构阿姨黄阿姨平日经常对孩子们进行辱骂，甚至并当着孩子们的面辱骂家长，其中有个孩子在不同日期用电话手表录音并传给家长（家长可以出示录音作证）。        上周四（3月15日），有个孩子因要午休了却在写作业，阿姨粗暴抢过书本，有孩子不服气阿姨的粗暴手段就骂了阿姨，此阿姨就拿着抢过来的书本打人，房间共8个孩子共打了6个，书本都打烂了，我儿子最严重，其它5个孩子只是被书本拍打，无明显表皮伤痕可见，我儿子最瘦小，而且在下铺，她就把气撒在我儿子身上，先是掐住我儿子脖子再揪住衣领拎过来摁在旁边上下铺的楼梯位置，并粗暴又揪出来左右摇晃，然后再拎着手臂狠狠甩回他的床铺（下铺），我儿子脖子，手臂，背都有不同程度表皮损伤，后背最严重，事发当天晚上回家仍清晰可见，此阿姨行为令人发指，她辱骂孩子们已经不是一天两天，有录音为证.曾有孩子说要跳楼，阿姨当着孩子们的面直接对此孩子说：你跳啊，有本事你就跳下去！也曾有孩子被此机构其它阿姨打伤，此孩子家长愿意出面作证，他有当时伤口图片，及跟午托负责人的聊天记录，此午托机构打人已经不是个例！        事后，打人者还是不承认自己是故意打人，也没任何人主动跟我和我的家人联系，我是在事发当日晚上7点多看午托家长微信群才知道，因为有两个被打孩子的家长已经跳出来在质问为什么打人，我才意识到问题的重要性，我才问我儿子究竟发生什么了？我孩子当时立马直哭，他已经彻底被吓到了，回家都不敢吭声，孩子在心理上和精神上已经受到极大伤害，我就直接在群里问为什么要打孩子？为什么有事情不跟家长沟通？然后此机构负责人（孩子们称呼“方老师”）才私下打电话过来，我问：为什么要打孩子？方老师第一时间不是道歉，而是问我儿子在不在，要我儿子接电话，我把手机免提给我儿子，方老师问我儿子经过，我儿子描述的同时，此方姓老师几次打断我儿子话，就跟审讯一样的口气，我听了非常气愤，我连忙拿过手机撤掉免提功能跟她说：不要用这样的方式跟我孩子说话，你们要搞清事情的重要性，是你们的阿姨打了我的孩子，不是我的孩子怎么了你们。这时我儿子才说他背上受伤了，我看到非常气愤，事发将近8小时后伤害清晰可见，我当时就发了照片到微信群，方老师只是说要明天了解情况先，并无道歉。我当晚就说要见打人阿姨，方老师说阿姨已经下班了，我是第二天下午才知道打人的就是方老师的母亲，这就是令人更气愤的地方。        当晚方老师跟我约好第二天12：10到打人的托班见面，我上午11：00左右去到托班，方老师约我在1店见面 （他们有两个店，一个是叫1店在马路旁边，平时周六提供各种兴趣班培训服务，另外一个称呼为2店，在小区里面，也就是我儿子被打的店，我去了1店后阿姨跟我说让我打回她解气，我说我不会打她，我要看监控，当时方老师说让我别激动，她说她看了手机，她确定男生的房间监控是开着的，当时想只要开着，我就能看到真相, 我就没多想，我只是问什么时候能看监控，因为我相信监控能还原真相，方老师说要等监控中心的人过来，我说那我们就直接去打人店2店去等，我去了后方老师告诉我，也可能没录到，因为摄像头可能被孩子们掰动了，我说没关系我也要看，过了一会方老师说负责监控人员还在外面，可能要下午，我说我等，过了几分钟，我再次催促，方老师说如果下午没空就要下周，我说多久我都等，我今天一定要看监控，否则我立马报警，然后没几分钟有人过来，不知道怎么弄了几下，他就说密码不对进不去，我们说你们自己的东西怎么会密码不对，他说不知道，要拿回去看，我当时不允许拿走，之后我叫人过来看，发现除了2016还有一个档案，2017.2018所有记录都没有了，我不明白这形同虚设的监控有何意义？ 因中午不想影响孩子们休息，我和另外两位被打孩子家长下楼向他们质问，监控去了哪里？方老师解释是每天自动删除，这时有个男的出面说让我们冷静下来看如何解决这问题，我问他是谁，他说他是方老师的老公，这个阿姨是他岳母，我们才意识到严重性，原来方老师一直掩饰并维护的打人阿姨就是她自己母亲，我们才恍然大悟，因为我们三位家长都是上班族，当我知道打人阿姨是负责人母亲后，我们第一时间所想到的是孩子后面安全问题，下午我们安顿好孩子们的午托问题后，托班没有任何人主动联系我们如何解决此问题，打人者一直还狡辩她是看到我儿子跑抓他回来不小心的，孩子们睡觉的地方门口进去都要侧身，请问孩子怎么跑？此阿姨一派胡言， 更令人气愤的是打人阿姨及她女儿（负责人）女婿周六去了长沙旅游，并高调的在朋友圈晒各种吃喝玩乐图片，根本无悔改之意，此黑心午托机构一定不能让他这样继续残害其它小朋友，诚请各位相关部门负责人一定揪出恶人，给予严惩，还我儿子及孩子们一个公道 ！诚盼回复，万分感谢！", "url": "http://wz.sun0769.com/html/question/201803/363595.shtml"}
{"title": "小孩私立学校转公立学校事宜", "number": "180263", "content": "    请问本人小孩在东城私立小学读一年级，今年本人及小孩的户口由老家迁至东城自己购买的一处房产，且全家人也在该房产居住，请问我该在那个部门如何办理将小孩从原来私立小学转学至我房产附件的公立小学的二年级，谢谢；", "url": "http://wz.sun0769.com/html/question/201803/363591.shtml"}
{"title": "伸张正义，主持公道", "number": "180265", "content": "    本人是业主郑伟舜委托代理人，和买家唐海力，成交了常平置富广场的二手楼，兹向东坑镇的农村商业银行申请贷款，并于下面日期完成对应的手续：2017年12月27日出具了同意贷款意向书，2017年12月29日过户，2018年1月3日完税，2018年1月19日担保公司出具担保函给银行。农历年前的2018年2月9日，东坑镇的农村商业银行收到市总行的口头通知，新的三价合一政策出台，暂停向我放款，经多次咨询反映，该行态度一直摇摆不定，没有明确说法，延至今天，仍然说要向市总行请示该如何处理，请同志了解情况，为民做主，协助解决，本人万分感激，迫于无奈，急等钱周转，十万火急，谢谢。", "url": "http://wz.sun0769.com/html/question/201803/363589.shtml"}
{"title": "居住证续期信息丢失，系统无数据导致无法办理港澳通行证", "number": "180272", "content": "    您好！本人于18年3月17日去东莞东城公安分局办证大厅办理港澳通行证，提交居住证的时候，工作人员说我的居住证上“居住地址”及“有效期限”（当时是2018年3月4日至2019年3月4日）有些模糊，就帮我拿到他们的居住证系统上重新确认擦写。当工作人员进入系统擦写的时候，擦写的有效期限变了：（2016年3月11日至2017年3月11日）。当时我蒙了，我18年3月初刚刚才续期的，再说17年3月份我也续期了，当时有效期限是：（2017年3月2日至2018年3月2日）。每年我都提前续期的，17年4月份我买新车的时候还用了居住证的，怎么有效期限会突然就变了？东城公安分局的工作人员告诉我，整个东莞市都是用的这个居住证系统，我的续期信息应该是办理的派出所没有录入系统，让我找办理续期的派出所。我随后找到办理居住证续期的东莞莞城区莞城科技园警务室，接待人员说他们的办证电脑坏了，不能查，什么时候能修好不知道，还说他们没有问题，续期信息肯定输入了电脑。我就纳闷了，既然输入了电脑，为什么东城公安分局的居住证系统就查不到，难道一个市还有2个居住证系统？如果是派出所没录入系统，那我居住证是不是得重新办理了，以前的居住年限是不是都作废了？", "url": "http://wz.sun0769.com/html/question/201803/363602.shtml"}
{"title": "东莞市南方印象木业科技有限公司的工业气味、噪音让不让人活", "number": "180269", "content": "    望牛墩镇洲涡村河边(横沥桥下) 的东莞市南方印象木业科技有限公司，每天的工业气味、噪音严重影响我们周边民居生活。此事已用多种方式多次投诉到贵部门，至今日气味、噪音都没有丝毫减少，请贵部门继续跟踪处理，不要几句责令就完事了，如果无能力处理请直说，指引我们向更上一级投诉。请谅解每天都被这些气味、噪音困扰着我们，让我们无法生活的痛苦。", "url": "http://wz.sun0769.com/html/question/201803/363599.shtml"}
{"title": "东莞市人才入户关于签订合同与实际工作地址问题 ", "number": "180268", "content": "    您好！本人在某股份有限公司东莞分公司工作，公司总部在浙江杭州，劳工合同是统一由杭州总部签订的，东莞分公司地址在南城区。已经在东莞工作纳税和办理社保8年，每年也有进行个税超过12万的申报，自有房产在万江4年，现在宝宝马上到了入学年龄，希望入户东莞便于小孩入学。通过对照自评我达到申请入户的条件，前往万江人力资源管理中心，将我的实际情况进行咨询，该中心答复：无论工作地点在何处，都必须有东莞本地的劳动合同，否则无法办理。建议我和东莞分公司签订一份合同以此合同再提出申请入户。但我公司管理制度森严，各个分公司是无权与员工签订合同的，公司可以加盖当地分公司的公章，并且出具就职证明，证明确实在东莞南城就职，税收等都在东莞南城。         目前我的资料已准备齐全就因以上劳动关系及际实工作地的问题被迫暂停申请。", "url": "http://wz.sun0769.com/html/question/201803/363597.shtml"}
{"title": "清溪国际公馆违规宣传商改住用大房产公司骗取签小房产公司合同定金团购费不退", "number": "180271", "content": "    清溪国际公馆违规销售商改住，因为之前没有关注过这方面的新闻不知道商用公寓不能住，销售一直说可商用办公，可自住投资等。所有户型内设厨房和阳台。并以户型量少，紧张房源为由销售手段。在3月11日交了4万元，其中2万是定金，另2万是抵扣优惠！且一直说的是世纪城开发商，从头到尾没有提到过签协议的居业地产，挂羊头卖狗肉，因为居业地产的注册资本仅有100万，而我们买的房子总价就96万多了，试问谁放心把一百万左右的房子签给一个100万的公司。2万优惠的钱也把收据收回去了，我问物业是不是一样，他们也说是一样管理，可是收费不一样确避口不提，事后签完才告诉我们比住宅要贵。从头到尾没有一句真话，回来发现所买公寓为办公用途，而非住宅，开发商也不是所谓的世纪城大开发商，跟销售沟通请予退还定金，销售说没有商量余地。请房管执法等相关部门帮忙处理，给予叫停违法宣传和改商为住挂羊头卖狗肉的的事实，并及时退还已交的4万元，还我一个公道！", "url": "http://wz.sun0769.com/html/question/201803/363601.shtml"}
{"title": "关于落户问题", "number": "180270", "content": "    各单位领导：        您好！本人2017年购买了东城牛山万科中天城市花园，当时买房时说可以积分入户该楼盘，但去办理时东城公安局工作人员告之该楼盘没有入户指标，让我入了东城莞龙路555号的集体户。请问什么时候才可以把户口迁入东城牛山万科中天城市花园呢。谢谢。", "url": "http://wz.sun0769.com/html/question/201803/363600.shtml"}
{"title": "东莞星堡汇消费全返等经营行为存在非法集资?", "number": "180274", "content": "         近一年来,周边许多人纷纷加入一家名为 东莞星堡汇网络科技有限公司(其经营地址在 南城街道黄金路1号东莞天安数码城C2栋201) 的消费全返的消费活动,许多人都纷纷消费,或者加入会员,或买入公司的股权 期权,据说公司每天入账流水都数百万,个人在网上查了下,消费全返在全国都有许多人上骗上当的事情发生,最后资金池崩盘了,许多投资者血本无归,影响社会稳定. 国家一直在防控发生金融风险,打击非法集资,希望经侦局能顺藤摸瓜,查实下星堡汇是否存在非法活动?", "url": "http://wz.sun0769.com/html/question/201803/363605.shtml"}
{"title": "建行房贷放款速度太慢", "number": "180278", "content": "    建行的各位领导：        本人是房屋的购买方，余2017年9月购买一套东城的二手房，当年10月在建行第一国际支行签订了贷款协议，同年11月同贷书开出，由良策住房投资有限公司提供担保，当时还多给了担保公司1万多元的担保费，说走快贷最多6个月可以办完，当年12月还将首付款的1层转至担保公司（担保公司要求），可现在已经马上半年了，连贷款都还没有下来，当时考虑此房的主要原因是因为小孩读书问题，因为这套房是学位房，可是去年年底就出一个政策，2018年6月以后购买的房子均不能享有学位安排，当时就是为了小孩的读书问题，全家人省吃俭用，东拼西凑的将首付款筹齐，如果6月以后才办理房屋交接，对我们整个家庭都是一个很大的打击    ", "url": "http://wz.sun0769.com/html/question/201803/363610.shtml"}
{"title": "老板不结工资", "number": "180276", "content": "\t我在万江华南摩尔天和百货二楼小雪花美甲店上班，因老板屡屡强制性逼迫入股而被迫离职，现在老板不结工资，希望能够借助平台的力量帮助我们弱势群体拿回公道，拿到血汗钱，谢谢", "url": "http://wz.sun0769.com/html/question/201803/363607.shtml"}
{"title": "集体户想读公立初中", "number": "180279", "content": "    你好！我孩子是2018年1月入的东莞莞城集体户。孩子下半年就要上初二了，想给孩子报名公立中学可以吗？需要怎么操作呢？", "url": "http://wz.sun0769.com/html/question/201803/363609.shtml"}
{"title": "咨询常平镇环常东路何时能建成通车", "number": "180275", "content": "    咨询常平镇环常东路何时能建成通车？", "url": "http://wz.sun0769.com/html/question/201803/363606.shtml"}
{"title": "两个五新入户政策", "number": "180282", "content": "    各位领导，东莞已出“两个五”新入户政策，请问什么时候可以办理？需要什么文件？什么流程？因为之前咨询过公安局，说还没收到上面下达的文件。谢谢！", "url": "http://wz.sun0769.com/html/question/201803/363614.shtml"}
{"title": "洒水车在下雨天还一天洒几次?", "number": "180283", "content": "    南城黄金路天安数码城一带,应该这一带是白马区，洒水车一天洒水有5-6次...尤其是在我们休息时候1点多洒水，那个声音对我们来说简直就是噪音。早上几次，下午几次。我投诉的要的是，不分晴天雨天，次数不变，今天还刚刚下完大雨，马上又洒水了，洒了一圈又第二圈回来，请问市政是这样子的吗？你说晴天一天洒几次，我们理解，但是刚刚下完大雨，怎么又连续几次在这里兜圈洒水，请问，水多吗？这不是在浪费水资源吗？浪费纳税人的钱。而且还很噪音。请相关部门关注一下这个问题。", "url": "http://wz.sun0769.com/html/question/201803/363613.shtml"}
{"title": "蜂汇广场销售欺骗消费者", "number": "180284", "content": "    蜂汇广场    于15年8月购买时，销售人员带我们去看了四十多平米复式的样板房，我们就买了3-508。    期间，销售人员从未提示过，我们买的508户型是特殊户型，合同里也从未说明    收楼时才发现，一整层20户这种小户复式只有我们08是特别不一样的，与我们所看样板房户型有很大差异。    从看样板房到合同，从未告诉过我们，我们的户型与样板房不一样（开发商说，我们这种户型因为每层只有一户，所以他们没有做样板房），任何语言、文字、图的说明都没有。    住建局说，这事应该是工商局负责的，这是虚假宣传的问题。", "url": "http://wz.sun0769.com/html/question/201803/363615.shtml"}
{"title": "东城景湖名郡一恶霸长期欺凌老人儿童，邻里敢怒不敢言", "number": "180281", "content": "\t近2年来小区出现一恶霸，自称参加过对越反击战，是老革命，在小区频频作恶。看到老人在跳广场舞、小孩在玩耍，就要恐吓威胁砸毁他人财产（砸毁过电动车），并长期从楼上往会所（有便利店、幼教机构）门口扔瓶子、水、排泄物。最近该恶霸更是经常在下午4-6点左右（正是幼儿园和小学放学，孩子活动高峰期），和晚上8点左右（是老人健身、散步，孩子玩耍高峰期）骑着电动车，带着长长钢管到南区广场，挥着铁棒、说着“不管你是谁，我打死你”驱赶、辱骂、威胁邻居们。老人不敢跳舞，小孩被吓的不敢出门，小小心灵受到严重摧残，严重影响到了小区公共秩序。小区居民群情激愤，物业、东泰居委会、立新派出所都无法处理此恶霸。除恶打黑，还社会一片和谐，请相关部门严厉打击此黑暗势力，不要闹出人命。", "url": "http://wz.sun0769.com/html/question/201803/363611.shtml"}
{"title": "清溪镇罗马遥遥无期的排污工程", "number": "180285", "content": "    清溪镇罗马路修了三年的排污工程，致使道路坑坑洼洼，严重影响周边居民的日常生活和过往车辆通行，之前向有关部门反映后只是简单的铺一些沙石，治标不治本，请有关部门确实拿出点效率解决问题，不要一拖再拖！", "url": "http://wz.sun0769.com/html/question/201803/363616.shtml"}
{"title": "常平不能过户的房子", "number": "180287", "content": "    我想在常平买个二手房，但听说有很多旧楼盘是不能过户的，请问能给我们一份详细不能过户的楼盘资料吗？    \n\n\n", "url": "http://wz.sun0769.com/html/question/201803/363619.shtml"}
{"title": "东莞市品置地产塘厦故意误导签约，致无法履约，不退定金", "number": "180286", "content": "\t尊敬的领导：          您好！          烦请能够在百忙之中协助解决如下难题，将不胜感激。    涉事公司：    东莞市品置地产塘厦中信观澜凯旋城分行,于2月4日故意误导买方（我方）交定金签约买卖二手房，导致我方已损失定金五千元，请求帮忙追回。    2月4日，中介方（品置地产）找到一套房源，卖方出价160万，经商谈150万成交，中介方说我方承担所有税费，其中个人所得税为1.4万（满五不唯一住房（地税评估价47万-房产原发票价40万）*20%=1.4），我方与中介方（品置地产）和卖方签署居间版房屋买卖合同并交了五千元定金。    3月13日，我方得知在我方缴纳定金之前，东莞市早已出台三价合一政策，个人所得税应为（交易价150-房产原发票价40）*20%=22万。我方向中介方（品置地产）求证，中介方才告知这条政策的。3月18日中介方（品置地产）承认在2月25日得知三价合一的政策。    试问，作为一名房地产中介销售人员，怎么可以如此不专业？个税差别如此之大，从1.4万 到22万，个税的计算有这么大的差别，导致超过这么多的钱，根本无法执行下去，难道是我们的问题？还说要走司法程序告我们违约，赔偿他们公司的中介费。交易还没有进行，就要承担这些费用，中介就介绍了这套房子，这套房子的房产证，产权还未查。     中介方（品质置地产）有义务告知我方个人所得税的巨大差异而故意误导我方交定金，现在投诉举报品置地产非法经营，请求追回5千定金。         恳请领导为民做主，严惩无良的中介，退还本人定金。    ", "url": "http://wz.sun0769.com/html/question/201803/363618.shtml"}
{"title": "东莞市大岭山镇大塘村", "number": "180288", "content": "    大岭山公家地方违建成自家地出租，大塘村到处可见", "url": "http://wz.sun0769.com/html/question/201803/363620.shtml"}
{"title": "新入户人才租房补贴该如何申请？", "number": "180292", "content": "    本科学历，在东莞工作10多年，看到东莞新人才入户很欣慰。但是网上没有具体的流程。    想咨询一下新入户人才租房补贴该如何申请？入户的地点是在哪里？入户后地点是不是可以更改？（如果以后买房了要重新签户口可以吗？）要去哪里申请了？", "url": "http://wz.sun0769.com/html/question/201803/363624.shtml"}
{"title": "请问何时放款？房管局已经办结了抵押", "number": "180293", "content": "本人在厚街邮政储蓄银行办理房贷，现在房管局已经办结了抵押，请问什么时候才放款？虽然说现在贷款政策收紧，但是既然已经抵押完成，也应该尽快有放款具体时间啊。请尽快跟进！", "url": "http://wz.sun0769.com/html/question/201803/363625.shtml"}
{"title": "建设银行房贷同贷8个月还未放款", "number": "180294", "content": "    本人于2017年4月提交贷款资料到贵行常平支行，并按照鼎业担保公司要求购买的银行保险，告知说利率可以申请9.5折，结果7月收到银行同贷书批了基准。一直到2018年2月收到担保公司电话说银行要求利率上浮15%才能放款，否则无限期等待。听到这个消息犹如晴天霹雳，拖了这么长时间已经被卖家催的天天无法睡眠，现在又要上浮利率，到底有没有为我们小老百姓考虑问题。上浮15%总利息要多支付十多万，好不容易东拼西凑付个首付，现在还要不要我们活？如果我是现在申请利率上浮可以接受，但我在去年4月就已经提交了资料，坚决不会同意的。今天在这里就问建行领导一句话：不调利率贷款还放不放？具体什么时候放？如不尽快处理我将直接去东莞银监会投诉。", "url": "http://wz.sun0769.com/html/question/201803/363626.shtml"}
{"title": "沙田西太隆泥头工业区违法推埋场", "number": "180296", "content": "    沙田镇西太隆村泥头工业区道路截头钓鱼场空置土地,每天不定期泥头车装载渣土建筑垃圾往闲置土地投放,最高有七.八米高.原有树木砍掉,推埋面积几千平方米.推放建筑垃圾周边灰尘滚滚,沙尘粒到处飞扬.泥头车经过建筑垃圾掉在路边占用道路.下雨天推埋场泥石流倒塞排水渠造成周边工厂严重水浸.由于缺乏监管,工业区小孩跑到填埋场玩耍随便危险重重.梅雨天快到,山体滑波随时出现.借阳光网问政造福市民.", "url": "http://wz.sun0769.com/html/question/201803/363628.shtml"}
{"title": " 天诚康桥小区消防通道被据为私人停车场", "number": "180297", "content": "相关部门：        现投诉天诚康桥华苑小区的物业管理处不作为，小区的有一个大门是消防通道，消防通道本来就是生命通道，可是该小区物业管理处却任意让人将车辆停放在消防通道上，让私人将此通道占为私人停车场，这严重的威胁到整个小区业主的生命安全。 而且也让小区的业主出入相当不方便。          小区的业主已经多次投诉，均没有起到效果，消防通道还是日夜停满了车辆，不得不向上级部门投诉。请相关部门能站在小区业主的角度让物业处做出整改。", "url": "http://wz.sun0769.com/html/question/201803/363629.shtml"}
{"title": "万江工商银行个人首套房贷放款一拖再拖该管一管了", "number": "180298", "content": "    我于2017年卖掉万江一套商品房，同年9月买家程真取得万江工商银行的同贷书，11月份办理完房屋抵押按揭过户手续，当时工商银行经办人员说要3个月才能放款，可如今早就过了3个月了，去催问却说要6个月放款，如此这样没有规矩的处理这类关乎民生的重要业务实为诚信社会的悲哀！监管部门该好好管一管了！", "url": "http://wz.sun0769.com/html/question/201803/363632.shtml"}
{"title": "塘厦天桥旁一骗子手机店", "number": "180300", "content": "塘厦天桥旁骗子手机店，通过送东西拉顾客进去消费，说是给好评，最后要你签订合同，说是积分达到1000零元购机，等积分达到1000骗消费者签定合同，事先没有说要交保证金，保证金3000元，只是说积分满足1000零元购机，分期付款，即分期还3000送3000元话费，最后等合同一签就要交保证金，实属欺瞒消费者，0元购机是假的，骗子，骗子，合同不能违约，违约一年就要交几十万", "url": "http://wz.sun0769.com/html/question/201803/363633.shtml"}
{"title": "东城第五小学交通乱停放", "number": "180301", "content": "你好：        我是东莞市东城第五小学一位学生的家长，现向东城交警反映以下问题，希望有关部门能够给予答复和解决。        东城五小每次上学和放学时间段都会出现拥堵现象，虽然我们家长们组成了志愿者团队，来维持及疏导交通问题，但都不能得到妥善及根本的解决，主要原因是周边每天都有大量的社会车辆乱停乱放，直接把学校周边给占据。以前五小校方也和交警及城管部门反映过，但一直没有解决。我们家长去到城建局查询，得知马路中间分道线靠近学校一侧都是学校的地界，校方和家长代表只是要求交警部门能否在非上放学时间段（上午7:00-8:00，下午16:00-17:00）对五小周边（学校地界）范围进行违章停车执法（上放学时间段接送孩子的家长车辆即停即走）！交通顺畅也是保证孩子们上放学安全的一种保障！静候佳音！", "url": "http://wz.sun0769.com/html/question/201803/363635.shtml"}
{"title": "村干部违法占用停车位，多次沟通未果，语言辱骂。", "number": "180303", "content": "\t茶山镇京山村一位村干部违法用私人物品占用多个公共停车位，多次与其沟通未果。依然我行我素，对我其等人进行语音辱骂。", "url": "http://wz.sun0769.com/html/question/201803/363638.shtml"}
{"title": "赛点文化公司的体育项目雇佣非法外籍人士作为教练、利用非盈利组织牟取暴力、非法办理游学、偷税漏税", "number": "180302", "content": "                                    投诉信    尊敬的领导：    您好，万分感谢您在百忙之中抽出时间来看这封投诉信，投诉的公司是东莞赛点文化有限公司。该公司对外提供的各种服务项目存在欺骗消费者的行为，他们的违法行为严重影响了同行业的风气。如下    非法行径，严重侵害了消费者及同行的利益，破坏市场规则，不利于社会主义建设，严重违背了市场经济运行的规律，理应依法严惩：    1、雇佣非法外籍人士作为教练。赛点文化公司的体育项目在没有按照国家相关法律规定的情况下外聘外籍教练，并允许其在没有合法办理国内就业证、来华工作许可证、居留证等相关手续的情况下，允许其培训学员，该企业从中谋取暴利，是对学员极不负责的行为，建议取消其招生资格，进行严厉取缔黑工行为。    2、利用非盈利组织牟取暴力。该公司主动和“东春俱乐部”这个民间团体合作，牟取私利，实际上，这个民间组织并不能盈利，二者的行为早已涉嫌违法。    3、非法办理游学。赛点文化公司登记在册的业务当中并不包含游学资历，借用工作之便牟取更多资源，该企业借用体育培训、赛事策划等业务发展其它业务，获取巨额利润；此外，参与该游学项目的学员在国外游学的过程中得不到任何人身、财产安全的保障，一旦学员在海外发生任何意外，学员便陷入“人为刀俎，我为鱼肉”的尴尬处境，轻则损失财产，重则危机生命，这种强盗作为令人发指，必须严惩。    4、偷漏税现象严重。该企业采取多种方式获取巨额利润，除过违法开展业务还虚报人员工资、违规做账、通过各种不正当手段偷税、漏税、避税，行径恶劣，违背了纳税人应该承担的责任和义务，情节十分严重，其行为是对我国税法的严重挑衅，性质恶劣。    以上，是该公司存在的各种违法行为，在国家大力强调依法治国的情况下，在两会召开期间，东莞赛点文化有限公司目无法纪、顶风做浪，置宪法和法律于不顾、置党和人民的利益于不顾，严重侵害了消费者权益并且破坏市场秩序，这是对市场资源的极大浪费，是妨碍社会主义建设的毒瘤。特此在两会期间向您进行举报，希望引起高度重视，严惩不待，保护好消费者的基本权益，维护社会主义市场的健康发展。    ", "url": "http://wz.sun0769.com/html/question/201803/363636.shtml"}
{"title": "投诉几次影响市容得不到解决", "number": "180307", "content": "\t为什么谢岗镇卡帝羅楼下右手边贴手机保护膜乱摆乱卖严重影响市容 投诉那么多次根本没有有关部来处理 为什么我们店面一摆出东西 你们巡罗城管一来又照相又叫我们把东西收进去 那他们呢 根本得不到处理 你们不处理我会一直投诉下去 希望得到公平公正而不是一直得到有关部门 不作为 不处理 不重视 任乱摆乱卖严重影响谢岗镇的市容 我会一直关注", "url": "http://wz.sun0769.com/html/question/201803/363647.shtml"}
{"title": "居住证办理已有一年，为什么迟迟未成功？", "number": "180306", "content": "    居住证在公司办理的，居住证回来的时候发现名字派出所把我居住证名字打错了。17/3月份在大朗镇公安局办证大厅就提交的修改名字手续，办理的时候公安人员说6个月可以拿证，但6个月过后10月份跑去拿证，派出所的人说没那么快还要等。18年1月份跑去拿证，派出所的人说现在卡已经发放到村派出所了叫我回去村派出所拿。18/3/19跑去水口村里面的派出所拿卡，他们查都没有查很不耐烦的回答我：“没有此卡”。我当时很客气的跟水口派出所的人说“我急用，能否帮我查一下是否已经到了。”派出所人员看了一下我给他当时办证的资料。查也没查就说没有，还说系统现在坏了。无法查询，要我留下资料一个月后再过来拿证。我当时很纳闷，为什么还要等，不是说证已经到村里面了吗？为什么还要等。我等着卡去办理手续，办一个居住证我容易吗我？ 真是系统问题吗？为什么政府把我的名字打错了？我修改个名字也要等一年多？我在厂里做职工，平常上班也很难请假，我放假了派出所人员也放假了。上班时间请假真的不好请。希望政府的人能体会一下。不要觉得我们耽误他们的时间，如果可以我们也不想办理什么居住证。麻烦事我们也不想搞。", "url": "http://wz.sun0769.com/html/question/201803/363644.shtml"}
{"title": "东莞百合网欺骗式营销坑消费者", "number": "180305", "content": "    在东莞市南城区华凯广场B座1506办公的——东莞市爱迅婚姻介绍服务有限公司，打着百合网介绍对象的幌子，以电话营销的方式，天天打电话过来催促办理婚姻介绍会员服务，实在受不了他们天天骚扰，就去了它们公司办公楼，然后一开始就要我交钱，说最低的套餐标准是7000多，我说我没有这么多钱，她们的销售人员就问我有多少钱，我就说我只有2000来块钱，他们就展开各种利诱，骗我交了2000块钱，因被她们一堆人围着说蒙了，所以当时没想清楚，可是交了钱后半个多小时，突然想明白，她们的肯定有欺骗成份，就不想要他们的服务了，结果去找他们退，他们工作人员以各种理由不肯退款，最后没办法，报了警，他们只同意退一部分钱给我，还扣了20%的钱不给我，前后不到1个小时，什么都没有做，就这样被他们骗走了400块钱，消费者购买商品都还可以几天内退货退款，这才过了几十分钟，就不退钱了，这还是它们主动骚扰我的结果，肯定工商部门查处这家公司，为我们消费者做主。", "url": "http://wz.sun0769.com/html/question/201803/363640.shtml"}
{"title": "超大声音音响广场舞噪音扰民", "number": "180312", "content": "    寮步镇香市路香市一号小区西侧小门口广场噪音严重超标扰民，小孩子无法学习，老人无法休息，请求智力", "url": "http://wz.sun0769.com/html/question/201803/363656.shtml"}
{"title": "河田大道北的雅和居旁边的主干道路垃圾成堆，居民出行艰难", "number": "180309", "content": "厚街医院旁的河田大道北的雅和居小产权房，最近3个月以来，把大的垃圾桶堆放在主干道路上，并且引导小区的住户，把垃圾全部丢弃在主干道路上。过往的大、小车辆，特别是货车只能踏着垃圾行驶，根本无法正常通行。        过往的车辆苦不堪言。这种垃圾含有大量的玻璃瓶、破铁、烂木板等等，很容易造成车辆车胎报废。让人忍无可忍。        我们于今年1月份已经投诉过，相关部门做了处理，但是垃圾反而越来越多；特别是上下班行车高峰期，一点改善都没有。现要求厚街镇政府相关部门切实解决问题，还路于民。    要解决问题，其实很简单：            1、要求雅和居小区，自备5个左右大的垃圾桶，并放回雅和居小区的过道内，不能再堆放在主干道路上。引导他们的小区居民规范垃圾丢弃。             2、要求旁边的兰香居、东兴楼、银河商务公寓，在自己的门口配备垃圾桶，不能效仿雅和居小区，把垃圾丢弃在主干道路上。                                                                   2018年3月19日    ", "url": "http://wz.sun0769.com/html/question/201803/363650.shtml"}
{"title": "桥头镇田新社区马安岭段私自占有公共道路", "number": "180308", "content": "    位于桥头镇田新社区马安岭80号附近路段，一处占道斜坡为了自己方便出行把原来的宽阔10米双向路被霸占变了3米单行路大家出行方面都受到阻碍。1.出入困难会车时候无法互相迁让。2.占道违建处路面造成行人危险出去不方便。3.安全隐患假如有火灾消防车无法进入。4.加上晚夜都是封闭式道路只有这里才是出口必过之路所以出行阻碍性很大。5.这违建斜坡是否超出范围敬请落实到位察看还大家一条方安全方便的出行大路。", "url": "http://wz.sun0769.com/html/question/201803/363649.shtml"}
{"title": "中信观澜凯旋城外围停车位装满健身器材", "number": "180311", "content": "    您好，我们中信观澜凯旋城外围停车位，原本是内外两排的，现在整个靠外面的一排停车位，装满了各式健身器材，导致停车位紧张，回来晚了，都没车位可停！        我们小区旁边就是体育公园，需要锻炼，我们都可以去体育公园，根本用不到这些健身器材，  重点是，这些健身器材多到离谱，整整一排长龙，从来没见过哪里的健身器材是这样围小区一周安装的，摆明了就是逼着我们业主买车位，不给我们使用这些免费的公共车位！        明显的强占公共资源，看看那些健身器材的位置，一个个都是安装在原本的停车位上，希望可以拆除，还我们的车位！        建议可以来我们小区做民意调查，绝大多数邻居，肯定是想要拆除这些健身器材的， 而且很多健身器材已经老化，掉了螺丝，也没人管！", "url": "http://wz.sun0769.com/html/question/201803/363655.shtml"}
{"title": "寮步镇香市一号小区西门广场舞噪音扰民叫人无法安生", "number": "180314", "content": "    寮步镇香市路香市一号小区西侧，晚20点-21点广场舞噪音严重超标扰民。希望帮忙处理非法噪音", "url": "http://wz.sun0769.com/html/question/201803/363659.shtml"}
{"title": "为晚上加班在欧景城抄牌的交警点赞", "number": "180316", "content": "    欧景城和江南第一城乱停车已经投诉了一年多,但却越来越严重.    因为白天抄牌确实没有效果.这个路段,一到晚上,轻则堵车,重则绕行,周五周六周日尤其严重.早上如果7点前出门,开车必须小心翼翼,稍有不慎就会刮蹭.论客观因素,欧景城的地下停车场和赵屋村的停车场并没有停满,不存在停车位不足的问题.    建议连续抄三五天,停几天,再连续抄,对屡教不改的建议马上拖车及查核车辆是否套牌.    交警大哥辛苦了,欧景城业主群绝大部分业主都是支持的.", "url": "http://wz.sun0769.com/html/question/201803/363662.shtml"}
{"title": "新莞人入户莞城公安局2个月都没有办好，东城公安局10个工作日就办好，莞城是不是懒政", "number": "180315", "content": "    本人于2018年元月10号在莞城公安局申请办理户证事项，中途去公安局查询3次，都告知未办妥，一直到今（2018年3月19日），都没有结果，打查询电话22232110，一直是没有打通过。反观东城，我一个朋友在东城公安局2018年3月2号提交资料，今天3月19号就拿到了准迁证。一共就10个工作日，东城公安局办事效率，没的说。同是东莞，莞城是不是存在懒政的情况。请尽快回复，谢谢！！！", "url": "http://wz.sun0769.com/html/question/201803/363661.shtml"}
{"title": "东城罗沙路维也纳酒店霓虹灯造成光污染影响周边居民正常生活", "number": "180313", "content": "\t东城罗沙路维也纳酒店的霓虹灯宣传招牌发出刺眼的红色强光，造成了光污染。灯箱后是大片的居民区（包括平房和高楼）以及岭南学校的教学楼，散发出的强光使附近居民视物时眼部极度不适，导致眩晕，影响正常生活。请相关部门尽快进行处理，确保居民的正常生活。", "url": "http://wz.sun0769.com/html/question/201803/363657.shtml"}
{"title": "关于新莞人积分入学“户籍地计划生育请明”", "number": "180319", "content": "    市教育局各位领导：        您们好！请问新莞人子女积分入学办理了“户籍地计划生育证明”后，还需要同时提供查环查孕证明吗？谢谢！", "url": "http://wz.sun0769.com/html/question/201803/363666.shtml"}
{"title": "实验地摊乱摆放", "number": "180318", "content": "寮步实验小学大门口地摊乱摆乱放，遍地垃圾，影响周围商铺正常运作，需要有关部门处理下！", "url": "http://wz.sun0769.com/html/question/201803/363664.shtml"}
{"title": "咨询东莞市外国语学校小学一年级新生报名时间", "number": "180317", "content": "    尊敬的市教育局领导，莞外的各领导：    请问一下，东莞市外国语学校2018年秋季小学一年级新生报名的时间是从什么时候开始？莞外的官网经常登录不进去，能公告一下报名的具体时间和方式吗？    谢谢！", "url": "http://wz.sun0769.com/html/question/201803/363663.shtml"}
{"title": "低频噪音扰民", "number": "180320", "content": "    污染问题描述：    地点：大朗镇蔡边村盆古庙区99号玉家百货3楼 对象：疑似无牌无证缝纫平车小作坊 缝纫机的运作由早上到晚上一直发出马达震动的低频噪音，旁边连体楼整栋楼房都深受其低频噪音所害，就不能换个房间放置机器或者垫上胶吗？跟那老板反应情况，他说没办法马达就是这样的声音，希望环保部门同事帮忙处理。    ", "url": "http://wz.sun0769.com/html/question/201803/363667.shtml"}
{"title": "关于父母双方或一方是本镇户籍,小孩是非东莞市户籍”的起始年级适龄儿童入读我镇义务教育公办学校", "number": "180321", "content": "    你好，关于麻涌镇公办小学（以古梅中心小学为例）入学范围中：“父母双方或一方是本镇户籍,小孩是非东莞市户籍”的起始年级适龄儿童入读我镇义务教育公办学校。”      1.请问还需要走积分入学的流程吗？     2.申请这个入学，小孩不是东莞麻涌户籍，是不是只要条件符合“父母双方或一方是本镇户籍”，就会100%录取（或者大部分都能录取）？还需要排名筛选吗？", "url": "http://wz.sun0769.com/html/question/201803/363668.shtml"}
{"title": "東莞寮步時代華庭1，2，5，6，7，8，9棟商品房確權事宜", "number": "180323", "content": "    本人于2014年12月在寮步時代華庭開發商手上習下商品房一套，2017年12月時代華庭3，4棟有確權并開始辦理房產證，但是時代華庭其它棟（1，2，4，5，6，7，8，9棟）一直未能辦理確權，業主多次咨詢開發商確權進度，開發商一直忽悠了事，沒有給予業主合理答復，讓時代業主很是失望。        勞請政府有關部門幫忙跟催時代開發商，時代華庭1，2，4，5，6，7，8，9棟的房產何時能辦理確權？業主何時能拿到房產證？", "url": "http://wz.sun0769.com/html/question/201803/363670.shtml"}
{"title": "人行道", "number": "180322", "content": "    万江和谐路（欧景城和江南第一城中间的三角路段）的人行道被绿铁皮围蔽，只剩一条机动车道。行人不安全。", "url": "http://wz.sun0769.com/html/question/201803/363669.shtml"}
{"title": "不遵守交通规则致使万江金泰桥上下班高峰期堵车", "number": "180290", "content": "    万江区金曲路、泰新路向金泰桥转弯处明确规定泰新路在早上7点至9点，晚上5点至7点时间段没不准左转上金泰桥，但每天仍有很多车不遵守规则强行左转，致使金曲路上金泰桥的右转正常行驶车辆严重滞留，现场交警也并未进行制止泰新路违规左转行为，请相关部门进行处理，保证交通通畅！", "url": "http://wz.sun0769.com/html/question/201803/363621.shtml"}
{"title": "法定节假日加班单位可以用补休代替3倍工资吗？", "number": "180364", "content": "         请问东莞劳动局的相关部门，我想咨询一下，法定节假日加班后，单位可以用补休1天代替3倍工资吗？    如果单位要求职工在法定节假日，例如清明节当天加班，然后单位内部规定我们职工只能补休一天，不补钱的行为，是否符合《劳动法》的规定？如果不符合法律规定，作为职工，我们需要怎样向单位提出维护自己的权益？可以向你们劳动局反映情况吗？", "url": "http://wz.sun0769.com/html/question/201803/363720.shtml"}
{"title": "东莞市万江区简沙洲商业街二期违建", "number": "180365", "content": "    1、室外加建电梯楼梯没有报建，违反建筑法规。 2、违反规划法，安全法，消防法，在道路上方二米多就挑出一米五，严重影响消防通道，危及附近居民生活安全。 3、没按有关规范设计施工（便可能是无证设计施工），主受力钢柱底无底板，翼板，无埋深，上部每层只有两个8厘拉爆螺丝固定，所有钢材没做任何防锈处理，建几十米高，即是在附近埋下个不定时炸弹！严重危及附近居住所有人员的生命和财产安全！", "url": "http://wz.sun0769.com/html/question/201803/363721.shtml"}
{"title": "公立幼儿园", "number": "180366", "content": "    阳光中心幼儿园的入园条件是什么，从什么时候开始报名", "url": "http://wz.sun0769.com/html/question/201803/363722.shtml"}
{"title": "流浪狗如何处理", "number": "180363", "content": "    万江水蛇涌盈丰花园的大狗小狗常聚集在一块，经常大嚎大叫。一到晚上，七八只狗金晶火眼的看着你，你会怎样？有关部门能管管吗？万一发生咬人事故谁来负责？    \n", "url": "http://wz.sun0769.com/html/question/201803/363723.shtml"}
{"title": "圆梦计划的学费可以退吗？", "number": "180367", "content": "    您好，我2017年报考圆梦计划（东莞职业技术学校），并成功录取    我人在凤岗，根据圆梦计划官网所述专业，报考了凤岗成教学校，电气自动化专业    但是在2017年年底时，在领取录取通知书时候，凤岗成校告知无此专业    现在让我转教学点，可能要转到东职本部上课，但是距离较远，我不想去了        请问通过财政缴费的1000元，可以退还吗？怎么退？    还请告知，谢谢", "url": "http://wz.sun0769.com/html/question/201803/363725.shtml"}
{"title": "雅园新村幼儿园何时开始招生？需要什么条件？急急急！！！", "number": "180370", "content": "    现在临近四月份了，再有五个月小孩就要就读幼儿园了，雅园新村幼儿园已经建好，据说是九月份就可以开园招生了，到现在还没动静？附近的几个幼儿园的传单也是不停地发，不知道政府什么时候出通知，不管能不能就读我们迫切的希望能出一个通知，这样我们好提前给小朋友选择幼儿园！我相信很多入住雅园新村的住户，都想知道什么时候开始招生，入园需要什么条件？     \n\n\n\n\n\n", "url": "http://wz.sun0769.com/html/question/201803/363730.shtml"}
{"title": "圆梦计划的学费可以退吗？", "number": "180373", "content": "    您好，我2017年报考圆梦计划（东莞职业技术学校），并成功录取    我人在凤岗，根据圆梦计划官网所述专业，报考了凤岗成教学校，电气自动化专业    但是在2017年年底时，在领取录取通知书时候，凤岗成校告知无此专业    现在让我转教学点，可能要转到东职本部上课，但是距离较远，我不想去了        圆梦计划需缴纳学费1000元，书本费600元，已缴纳1000元学费，现专业不对，需要退1000元            请问通过财政缴费的1000元，可以退还吗？怎么退？    还请告知，谢谢", "url": "http://wz.sun0769.com/html/question/201803/363734.shtml"}
{"title": "人事代理", "number": "180371", "content": "    本人17年本科毕业，在东莞读书，也是东莞户籍。之前已在网上报到。由于现在是在私企工作，我想问一下人事代理，档案挂靠要怎么弄。因为之前查了些资料是说要去市中心人才市场签人事代理的，然后把档案挂在那里的。但前段时间去市中心人才交流市场，他们说我回自己镇街办就好了，具体的也没有讲清楚，就让我走了。所以现在的流程是怎样的，我是要在市中心人才市场签人事代理，还是自己的镇街找当地的人才市场。", "url": "http://wz.sun0769.com/html/question/201803/363731.shtml"}
{"title": "万江区石美社区加州花园由于煤气管道爆炸，现在已经停止供气10多天了，水也停了，管理处一直未能给以回复", "number": "180374", "content": "    万江区石美社区加州花园由于煤气管道爆炸，现在已经停止供气10多天了，水也停了，管理处一直未能给以什么时候能解决的回复，严重影响日常生活，部分住客都已经搬离小区。请上级领导能重视，给以解决。    \n", "url": "http://wz.sun0769.com/html/question/201803/363735.shtml"}
{"title": "深夜聚赌，严重扰民！", "number": "180376", "content": "    位于：东莞市厚街镇新塘古坑村西区恒昌玻璃旁边的一家店铺名叫（辉煌实业投资有限公司），该公司从去年年底开始，几乎每个晚上都有一伙人，开着豪车聚众赌博，直至三更半夜。“麻将声”尖叫声严重扰民，影响老人以及小朋友的睡眠质量，望相关部门尽快处理，还我们一个安静的夜！谢谢！", "url": "http://wz.sun0769.com/html/question/201803/363736.shtml"}
{"title": "居住证按规定是多久可以办理下来", "number": "180375", "content": "    居住证从去年8月份申请到目前还拿不到,问寻厚街河田社区中心说是:申请6个月后+办证2个月,最少要8个月.是最少,可能时间还会更长.网上不是写居住证6个月可以拿到吗?为什么现在迟迟办不下来.买车,申学入学都需要居住证,可居住证办不下来难道不上学吗?", "url": "http://wz.sun0769.com/html/question/201803/363739.shtml"}
{"title": "发出难闻气味", "number": "180380", "content": "    我要投诉大岭山大塘村地塘岭大坑洞一街荔枝林一间无证经营塑料铁皮厂房，长期发出难闻的气味，令到附近居民非常难受，希望有关部门给予处理，还居民一个清新的生活环境。", "url": "http://wz.sun0769.com/html/question/201803/363745.shtml"}
{"title": "虎门赤岗联昊通物流 深夜噪音扰民", "number": "180381", "content": "\t虎门赤岗联昊通物流，每天晚上11点到早上6点，不间断作业制造了极大的噪声，影响了周围居民的休息。物流园建立的隔音板高度太低，长度太短，起不到作用。大货车刹车的声音，大力砸货物的声音等，干扰作息。从没开始建起就开始投诉的违法建筑，现在依然没有依法取缔，很容易让人误解是“官 商勾 结”吧？如果不是，请给点作为，取缔违建联昊通物流，给我们一个安静的休息环境。我们到必要时候也会采取进一步的维权行动。谢谢！", "url": "http://wz.sun0769.com/html/question/201803/363749.shtml"}
{"title": "新莞人申请廉租房和住房补贴", "number": "180382", "content": "        各位领导好，    本人2018.01月通过人才入户把我的户口和我大女儿的户口从四川迁入东莞东城集体户口。我2015年6月6日生了第二个孩子，当时就交了罚款后户口上到我老婆那边的。现在我一人上班，老婆在东莞带两个小孩，4口人住在一间民房里，听同事说可以想申廉租房。我可以吗？前几天也看到新闻：人才入户本科学历也可以申请住房补贴，我可以申请吗？如果可以，要怎样申请？", "url": "http://wz.sun0769.com/html/question/201803/363752.shtml"}
{"title": "房子入户口问题", "number": "180383", "content": "    各位好，现在我有一个问题一直不了解如何解决，现想咨询：        2013年我在寮步横坑买了一套房子，由于当时社保问题就用我姐的名字买了一套房子，当时她说小孩要读书让我同意她们把户口转进来，当时我也有同意了。但后来发生一些矛盾今年我才把房子转到我们夫妻名下，但我姐说她没房子户口没地方转走，但我们想把户口要入进来方便小孩读书。象这种情况，我们应如果处理？可否让她的户口转到社区集体户口？不然我们的户口没有办法入到我们的房产下？", "url": "http://wz.sun0769.com/html/question/201803/363755.shtml"}
{"title": "本人未办理电信相关业务，确被通知欠费", "number": "180387", "content": "    电信工号5299员工，经常打电话过来通知电信业务欠费，但是本人根本就没有去电信营业厅现场办理过相关业务，也没有委托其他人员办理，身份证也没有丢失。        今年1月有投诉到10000，有人冒充我身份办理电信业务，后来有业务经理跟进，承认本人没有办理过相关业务。做了相应的免除费用，注销，消除黑名单处理；后来我有到电信营业厅核实，也有打10000号核实。但是今天电信工号5299员工又打电话过来说我欠费。        她所说的欠费业务如下：    1、ADSLD2287919040宽带欠费    2、15362801810手机号绑定宽带欠费            我要投诉的有两点：    1、本人没有到电信现场营业厅现场办理，也没有委托别人办理，身份证也没有丢失，却在本人不知情的情况下，电信办理了业务。        2、在本人投诉10000之后，有电信的业务经理给我妥善处理，但是1个月之后电信欠费部门工号5299员工又打电话过来说我欠费，已构成骚扰。不知道电信内部是如何沟通的。        请电信部门核实，给我答复，谢谢！！！                    ", "url": "http://wz.sun0769.com/html/question/201803/363772.shtml"}
{"title": "富民中路黄江至大朗路段塞车严重", "number": "180386", "content": "    黄江至大朗方向，荔香湿地公园前面，辅道不知道在干什么，年前已经封路，到现在还没有拆，也没见工人施工，你们围着是干嘛？自从辅道封路后，天天塞车，你们的工作效率是不是太低了。希望赶快恢复辅道", "url": "http://wz.sun0769.com/html/question/201803/363771.shtml"}
{"title": "有关户籍", "number": "180394", "content": "    你好！本人现在是常平振兴中学在编教师，现在我和我小孩户口都在虎门。请问，我要把我和小孩户口一起迁入常平镇，应该怎么办理？希望给出详细的步骤！谢谢", "url": "http://wz.sun0769.com/html/question/201803/363777.shtml"}
{"title": "机动车6年免检预约无法取消", "number": "180391", "content": "    3月20日预约到28日办理6年免检，选择的车管所，由于公司有业务安排出差可能要持续到4月份，28日可能来不及办理，想取消预约改邮政办理（邮政可随时办理），发现无法取消预约，电话咨询后确认，确实无法取消，投诉登记后被告知15个工作日才能有回复！！！这里想问问网上预约是为了方便老百姓办理相关业务，为什么不能取消预约改其它方式进行办理？这是方便还是麻烦？又或者是为了方便谁？", "url": "http://wz.sun0769.com/html/question/201803/363775.shtml"}
{"title": "黄河服装城强卖衣服 虎门珍妮服装店", "number": "180107", "content": "        3月15日，刚从上海到虎门，被天气热到，决定买件夏装。    久违黄河服装城盛名，就去逛了会儿。当时我们一目十行走马观花，对路过的个别款式比较特别的会多看一眼，也就是这一眼，我们被一个女销售喊了进去。    女销售员热情地取了衣服给我，我比划了下问朋友怎样，朋友说看着还好，然后女销售就说说说，说着说着就抢过去要装袋，我当时头脑的想法是我都没没试穿过，真的可以么？甚至连照镜子比划一下都没有呢，于是就在镜子前比划了一下，然后问她材质是什么，因为看不到衣服有吊牌，她说质量很好啊，跟我朋友当时穿的一样，跟我当时的上衣也一样质量也一样，然接着她快速装袋并递给我，我好几度想直接夺门而出，但是碍于不能太无礼就留了下来，而当时的女销售员步步紧逼，就开始说付款的事了。    现场除了我还有我朋友，以及那家店的另一个女店员，我朋友是一个比较腼腆又不擅长说不的人，为了赶紧逃离那个现场，他付了款。而我想着如果可以穿的话那也无所谓（女销售员说那件衣服大小我肯定能穿的，从没有这样购物体验的我选择相信她），至少勉强穿几天，度过这几天的在广东工作时间。???     那家店无法试穿，但是女销售员说我平时穿什么码就是什么码，可是昨晚回到住所，我试穿了一下，发现配套的上衣穿上长度都没到肚脐位置，还异常紧身，而裤子长得可以拖地，并且无比宽大。    除了大小，关于这件衣服的材质，当时女销售员是这样说，上衣和我当时穿的那件材质一样（我能提供当时衣服），说裤子质量很好，但在我试穿过程中明显能感受到布料和我之前衣服的差异。    另外在这个过程里女销售员说的话其实很让人不舒服，比如对人的称呼，张口闭口就是亲爱的什么的，以及问我们的隐私和窥探我朋友手机里绑定的信用卡。    我真的不能理解消费者不是有自主选择权么？为什么销售员还这样步步逼近，导致我们当时两个人都处于发懵的状态，又不能无礼拒绝别人，才想着息事宁人赶紧买单走人不要再听到叨叨叨。    关于现场不知道怎么描述，看上去像我们没有判断能力，而事实上我们是两个工作多年的媒体工作者，这一幕真的不可思议，我觉得如果能调取当时的现场监控大概能看得出我们当时的表情变化和场面情形。    买单后的小票上显示那家店的公司名是东莞虎门珍妮服装店。    衣服总价259，包括一件短到肚脐上的白色短袖和一件极薄的裤子，有两根袋子，算背带裤吧。    简而言之，    1，没有材质说明，包括产地洗涤要求    2，大小尺寸完全不合适，非塞给别人说合适        另，因为今天在厚街会展中心有论坛工作，所以我今早论坛前曾给黄河服装城的客服打过电话投诉过，对方给我的回复是必须本人过去，且不一定能解决。    我的诉求只有一个，退货。        ", "url": "http://wz.sun0769.com/html/question/201803/363368.shtml"}
{"title": "关于长安培英中学附近工厂噪音污染问题", "number": "180389", "content": "    投诉长安培英中学附近一工厂噪音污染严重，不知运行些什么机器设备，几乎日夜不停的开着，轰隆隆的响个不停，吵得人精神不宁，忍无可忍！        该厂地址：东莞长安镇沙头教育街4号，厂名：外面门口处打着 “泰又拓”，但里面楼层处打着“祥博手袋厂”", "url": "http://wz.sun0769.com/html/question/201803/363770.shtml"}
{"title": "男职工买了14年社保，妻子为何不能享受生育保险待遇？！", "number": "180106", "content": "    本人丈夫是企业职工，公司买了14年社保，本人于去年3月17日在东莞市人民医院住院分娩诞下女婴一名，了解到东莞社保可用丈夫社保报销部分分娩费用后到社保局办理报销手续，却被告知本人社保未买满一年不能办理报销手续，本人十分不解，本人身份证号码43102319******20，故希望社保局给我详细解释一下为何本人无法享受生育保险待遇？如果能够办理，我要在何时办理，如何办理？请给予书面及电话回复。", "url": "http://wz.sun0769.com/html/question/201803/363369.shtml"}
{"title": "竹塘锦兴小学的教师宿舍楼的生活垃圾乱扔到下面的竹塘小区", "number": "180178", "content": "竹塘锦兴小学的教师宿舍楼的生活垃圾乱扔到下面的竹塘小区。", "url": "http://wz.sun0769.com/html/question/201803/363470.shtml"}
{"title": "二手房交易个税", "number": "180111", "content": "    年前看上东坑的一套房子，中介公司当时说税费不过6万，而年后说实行三价和一政策！光是个税都要15万！政策实行前我们未收到任何政府出台的文件，现说涨就涨而且涨的那么离谱！！可有考虑一下人民群众的处境？而且钱在贬值都是知道的，现在的钱跟5年前的乃至10年前的钱可比？现行的二手房个税收费标准交易差额的20%是否可行？望三思而行！！！", "url": "http://wz.sun0769.com/html/question/201803/363379.shtml"}
{"title": "投诉常平胡桃里音乐酒吧噪音扰民事宜", "number": "180110", "content": "    我们是常平丽景花园业主，常平横江厦丽景花园小区与星汇置地的胡桃里音乐酒吧广场只有一墙之隔，自从胡桃里音乐酒吧进驻了之后，每天晚上KTV K歌噪音一直扰民，每天营业到凌晨1、2点钟还有在唱K，而且声音很大很扰民，严重影响我们业主正常生活，特别老人、小孩晚上无法睡觉。我们多次投诉到物业公司无果，请我们的父母官为我们业主还一个良好的生活环境。否则我们还要上访。", "url": "http://wz.sun0769.com/html/question/201803/363378.shtml"}
{"title": "洪梅镇劳务派遣协管员年薪全包4.2万是否合理", "number": "180113", "content": "    洪梅镇劳务派遣协管员年薪全包（实发工资，双方共买的社保，和双方共买的住房公积金）4.2万是否合理？", "url": "http://wz.sun0769.com/html/question/201803/363381.shtml"}
{"title": "与东莞市高地人才资源开发有限公司签定的合同基本工资与购买住房公积金不同", "number": "180114", "content": "    了解本人与东莞市高地人才资源开发有限公司签定的劳务派遣合同基本工资为2076元，但实际本人住房公积金账户显示数据为：住房公积金缴存基数为1510元，单位缴存比例与个人缴存比例都是5%，当前汇缴额为151元。以上数据是否合理？", "url": "http://wz.sun0769.com/html/question/201803/363382.shtml"}
{"title": "沙田民田大街后悦田居工地噪音扰民", "number": "180115", "content": "    沙田民田大街后悦田居工地噪音扰民，导致休息不好，心肌缺血，严重影响健康！该工地本身离居民区只有一条两车道马路距离，机器超多，噪音超大，施工时间超长，经投诉彻夜施工后，该工地挂羊头卖狗肉，1.虽晚上10点后停工，但运输车卸载管桩、装土车什么的    进出依然到晚上十二点左右，卸管桩还会导致房屋有明显震感。2.原本早上7点多施工的提早到了五六点，节假日也是，妨碍休息。要求沙田镇人民政府以及相关环境部门、执法部门依照环境噪声污染防治法及广东省实施该法的细则办法中的有关规定，对该工地噪音分贝进行测量后，调整该工地作业时间，保护人民的生命健康权", "url": "http://wz.sun0769.com/html/question/201803/363383.shtml"}
{"title": "可否更改公积金提取方式", "number": "180385", "content": "    请问，本人公积金贷款已经有12年还剩下8年，一开始提取公积金是采用半年或一年提取一次的方式，后来11年左右改为每月自动划扣！现在因为个人因素想停止自动划扣再改回来，就是有需要再去取！请问是否可以再次更改？如可以，需带哪些证件办理？谢谢", "url": "http://wz.sun0769.com/html/question/201803/363767.shtml"}
{"title": "投诉东莞建设银行望牛墩支行", "number": "180390", "content": "    为什么我投诉多次都是未处理状态，我从17年7月份卖了房子，到现在半年之久了，尾款都还没有收到，国家说控制额度，但是并没有说是不给额度，我办理了快贷的意义何在，我是卖家，又不是买家，严重怀疑银行存在潜规则，希望有关部门真的要好好调查一下", "url": "http://wz.sun0769.com/html/question/201803/363769.shtml"}
{"title": "邮储银行何时放款？", "number": "180119", "content": "    本人于2017年8月售出了位于东城区天骄御品的一套房子，11月中已经完成了所有的手续，一开始说12月底放款，后来说年底银行没钱，要1月放款，1月又到2月，现在到了3月，对于何时放款，还是一点消息都没有，就让我们等。我们本来就是因为公司资金周转困难，才出售了名下唯一一套房子，现在3个月过去了，放款还是遥遥无期。月底我们就要清还第一季度的供应商款项了，若还不放款，难道要我们去借高利贷吗？    请贵行不要再不知何时可以放款，若贵行都不知道，为何当初在出同贷书的时候不和我们说明情况？为何要出同贷出？    如果银行没有额度，当初为什么要出同贷书？既然出具了同贷书为什么不放款？我们这几个的利息损失谁来赔偿？    诚信合在？    公正何在？        感谢来信：我行信贷人员已与客户联系，并上报了客户情况，请示尽快办理，争取早日为客户放款", "url": "http://wz.sun0769.com/html/question/201803/363389.shtml"}
{"title": "房屋贷款款项迟迟未放问题", "number": "180118", "content": "    领导您好！请问下        我2017-4月购房 2017年七月在东莞广发银行签订的贷款合同，后期由于证件和其他方面的延误，在2017年11月因为小问题补了部分资料，最后在12月东莞广发银行取得同贷书，银行方面告知是2018.1月应该能放款，然后通知说二月能排到放款，二月让我们等到三月，结果到了现在银行给出说法新政执行，以前的合同不予受理。 这个问题已经严重影响到了我和我家人的生活和情绪 ， 由于我们是2017年年初就购买的房屋，拖到现在成了这个结果，谁都没办法接受。", "url": "http://wz.sun0769.com/html/question/201803/363388.shtml"}
{"title": "松山湖绿荷居一期多个店铺抽油机安装在2楼平台上油烟满天飞噪音巨大严重影响生活", "number": "180121", "content": "松山湖绿荷居一期多个店铺抽油机安装在2楼平台上，其中一个开机的瞬间声音巨大油烟满天飞，噪音和油烟严重影响生活，起风的天气油烟实在是很呛特别是小孩子。在2018年一月份已反应过，说会尽快完成整改但到目前为止问题一直都还在延续.....    请相关领导继续帮忙处理好这个问题，谢谢！", "url": "http://wz.sun0769.com/html/question/201803/363391.shtml"}
{"title": "茶山镇彩虹乱停车及茶山中心区公共车位霸占问题", "number": "180120", "content": "    茶山镇彩虹路沿路饮食店门前早上到夜晚都有乱停车行为，尤其是早上上班时段及晚上下班时段造成该路段经常性拥堵，给附近居民生活上造成极大影响（圣心蛋糕-老友记汤粉），请问茶山交警是否置之不理？只是早上抄牌，晚上呢？相信是茶山人都知道那条路原本来回四车道因为左右两旁已经规划公共车位所以只剩下来回两车道，现在被违停车辆又压了一条车道变成只剩一条车道可以行使，茶山医院-东莞银行双方向的车都要走这条路，所以造成经常性拥堵。另外，镇中心路段（包括草塘、茶园1-3路）的公共车位接近70%都被雪糕桶、电动车、自行车等物体霸占导致无法停车，那政府相关部门是否要组织一次对这种民生问题集中大处理？是一次把根砍断而不是随便应付那种。作为纳税人作为茶山人希望茶山是一个整洁有序的地方，而不是像没人管的地方，谢谢！", "url": "http://wz.sun0769.com/html/question/201803/363390.shtml"}
{"title": "建行首套房房贷半年还没放下来", "number": "180392", "content": "    本人余2017年9月签订购房合同，购买东城一套二手房，10月份在中国建设银行东莞第一国际支行签订贷款协议，当时约定利率上浮5%且购买其银行的保险，11月同贷书开出，至今贷款还没下来，问担保公司，一个月往后推一个月，现在还被告知，银行现在优先放款上浮利率高的，要求我同意上浮贷款利率，这不是说一句话这么简单的，上浮20个点，那我们需要承担多少利息呢，我们只是普通的工薪阶层，省吃俭用，好不容易可以在东莞有个家，而且还是一个小家，你们却迟迟不放款，当时买房也是各种计划才决定买此房，房贷已经是我们的上限了，现在加息，你还要我一家人吃饭吗？不是说排队放款吗？为什么排的这么不公平，如果这么是不是我一辈子的放不下来贷款，现在合同签了，定金给了，还给了担保公司1成首付，结果房子迟迟得不到。这些都是我们得血汗钱，希望相关领导可以考虑下平穷人生活得苦恼。", "url": "http://wz.sun0769.com/html/question/201803/363774.shtml"}
{"title": "莞城北门广场一到周末就有人开音响唱歌，严重扰民", "number": "180122", "content": "    莞城北门广场一到周末就有人开音响唱歌，严重扰民莞城北门广场一到周末就有人开音响唱歌，严重扰民，什么时候管制一下？严重影响附近居民。", "url": "http://wz.sun0769.com/html/question/201803/363393.shtml"}
{"title": "车友驾校收了学员学费不履行合同也不退款", "number": "180123", "content": "    本人于2016年2月28日在车友驾校报名学车，当天报名就交清所有学费6500元，当时车友驾校承诺的是考湖南牌照45天拿证，6500的学费 不含去湖南考试的车费住宿费生活费，3月中旬考的科目一，后面有约考科目二，当时由于练车不熟练，本人科目二没有过，后来湖南驾校政策有改变，考试也像东莞这边要实行网上预约考试，考驾照时间没有以前那么快，车友驾校没有和湖南驾校那边合作，导致我们考湖南驾照的学员，没有地方考试，多次找车友驾校协商，既然是你们没有和湖南驾校合作取消了湖南驾校牌照的项目，就应该合理的退回学员学费，车友驾校人说我们可以去湖南考试 需要我们自己学考，自己去湖南驾校考试，这样的话 那我们还需要你们驾校干嘛？人生地不熟的叫学员一个人去考试，什么流程和规则都不懂，甚至连考试的场地都找不到，车友驾校一点都不负责，2016年2月就把6500的学费全部都交了，2017年到2018年期间车友驾校没有人主动联系我练车或者协商处理，2017年底 实在和他们耗不下去。我叫车友驾校退还部分学费，我在别的驾校重新报名考试，车友驾校以帮我注销以前考试资料为由，叫我把原合同和收据寄回去，骗走我的合同和当时的收据，后来还是没有帮我注销以前的资料，我实在没办法，自己从广东坐长途车来回去湖南驾考中心注销，（必须注销以前的资料才能在别的驾校报名）耗费我大量的时间和财力，学费6500和当时考试来回注销驾校的费用 花了将近1万多了 时间也花了不少 到头来什么都没有，多次联系车友驾校 他们不管，叫我一个人去湖南考试。反正就是交了钱给车友驾校，你拿不拿证 什么时候拿证他们都不管的，还有学车期间 不买水买烟给驾校教练，你别想练车，去了练车的时间极少，基本上都是排队，或者挨骂。现在我已经在别的驾校报名考试，要求车友驾校退还我们4000元学费，总共学费6500元。麻烦市政府领导帮忙联系处理，我们普通老百姓一个实在是拿这些驾校没有办法，万分感谢，还有你们需要什么资料我随时可以提供给你们，当时签的合同原件和收据已经被车友驾校骗走，但是我这里有原件的扫描件和复印件。", "url": "http://wz.sun0769.com/html/question/201803/363396.shtml"}
{"title": "东莞塘厦花园街2栋签合同买房快二年了一直等过户", "number": "180124", "content": "    领导们好！我是在2016年6月在塘厦花园街2栋602买的房子，一直有打电话咨询房管所得到得答复是：“等上级文件”品置地产中介也一直说等房管所通知过户，没有通知就一直等，合同签了一转眼快两年了，一直到现在还过不了户，我们小老百姓真的等不起，每天都心急如焚，上班也为这事心焦，实在没办法。才想到这唯一办法，希望领导们能想尽办法帮我们解决！万分感谢！    ", "url": "http://wz.sun0769.com/html/question/201803/363397.shtml"}
{"title": "实体卡APP充值", "number": "180125", "content": "到投诉前，APP版本为3.0.2    依然没有实现之前所说的“无需开通云卡，绑定银行卡即能进行实体卡的充值”        其次实名验证时依然强制接受《中银通记名预付卡领用合约》（这是云卡吗？）", "url": "http://wz.sun0769.com/html/question/201803/363399.shtml"}
{"title": "石龙龙城国际小区周边噪音扰民问题严重", "number": "180127", "content": "    石龙龙城国际小区南面，交警支队旁边，有一块空地，长期作为工地施工的存沙地方及板房，还有加工淘沙等作用，这是镇府安排用地无可厚非，但是，除了工作日正常工作时间，周六日及工作日中午，这块地方都发出刺耳的噪音，严重影响周边居民生活环境，忘有关部门加以整改，在周末和工作日中午还周边居民安静的生活环境！", "url": "http://wz.sun0769.com/html/question/201803/363401.shtml"}
{"title": "非法经营", "number": "180128", "content": "    位于东莞市塘厦镇酒吧街金地博登湖中国银行旁边的聚御沐足，未办理相关行政许可，非法从事沐足、美容、养生等活动，请相关部门对其进行执法检查，保障附近居民生命财产安全。", "url": "http://wz.sun0769.com/html/question/201803/363402.shtml"}
{"title": "2018年积分入学居住证有效期问题", "number": "180109", "content": "    根据市教育局给出的信息，2018年积分入学，报名时间预计从4月到5月底网上报名。有一个必备条件就是:东莞市有效居住证。这里有几个问题，我们想搞清楚:一、居住证的有效期是在按报名时的日期保持有效期还是按现场确认积分时递交资料时的日期保持居住证的有效期？二、从东莞部分派出所目前给新莞人续期或补办的居住证所需时间来看，需求2个月或更长时间才能拿到续期的居住证。在这种情况下，那些2018年3月，4月，5月到期的居住证，在续期期间，刚好是积分入学报名与现场递交居住证确认积分的时间，刚好在这个时间段，这3个月到期的居住证可能都在派出所办理续期，没有原件在积分入学申请人手上，如何现场递交居住证确认积分？重点:派出所续期居住证要2个月或更长。在这种背景下，新莞人积分入学申请应该怎么办？", "url": "http://wz.sun0769.com/html/question/201803/363377.shtml"}
{"title": "松山湖还有这样的地方", "number": "180133", "content": "    位于松山湖北站附近，光大we谷和松湖里的鱼之间的空地，被几位收垃圾的阿姨叔叔承包了，垃圾成堆，每天下午五点左右都在这里整理垃圾，堆放垃圾！周边是住宅，高端写字楼！这空地确是垃圾遍地！这和松山湖定位相符吗？现在政府号召与松山湖搭界的地方都要在生态环境上融入松山湖，可是在松山湖里面确是这样，垃圾堆放，无人监管，这情何以堪啊？", "url": "http://wz.sun0769.com/html/question/201803/363411.shtml"}
{"title": "沙角河仔河三组道路被恶意封堵", "number": "180134", "content": "沙角河仔河三组村道路被人用大型的排水管横堵着，给村民出行带来相当的不便。旁边虽然有一条黄泥路，但路是坑坑洼洼。希望相关部门重视一下，安排人员过来处理。", "url": "http://wz.sun0769.com/html/question/201803/363413.shtml"}
{"title": "入学", "number": "180135", "content": "    负责人：     你们好！我咨询的问题：（三）近5年获得东莞市委、市政府或广东省厅级以上部门表彰、嘉奖或授予荣誉称号的新莞人         1.入学需要什么资料？对计划生育有要求？", "url": "http://wz.sun0769.com/html/question/201803/363415.shtml"}
{"title": "垃圾无人清理已经一年了", "number": "180136", "content": "    东莞市塘厦镇塘新街附近的中学围仔64号    一堆垃圾处从来都没有人清理过，扫地的人员都已经换了三四个了整整一年了都无人清理", "url": "http://wz.sun0769.com/html/question/201803/363416.shtml"}
{"title": "污染大气", "number": "180137", "content": "\t这是第三次投诉石龙中学附近菜田（茶山地界）非法燃烧秸秆垃圾污染大气。    第一次投诉没有配图，第二次在冬季举报，燃烧次数减少，造成取证困难。望这一次会有用（配图是第二次的）    注：燃烧秸秆垃时间圾多为上午十点左右", "url": "http://wz.sun0769.com/html/question/201803/363417.shtml"}
{"title": "虎门赤岗富马工业区赤马路（腾子龙公司门口）道路积水倒灌", "number": "180138", "content": "各职能部门：         您们好！         我们是东莞市虎门镇赤岗村富马工业区（马来西亚宝利根电子科技有限公司、腾之龙游乐器材有限公司、法国如成服饰有限公司、深圳市景光物流有限公司及赤马路一带商户代表），我们这几家企业遇到的都是同一个问题--（虎门镇赤岗村富马工业区赤马路下水道积水倒灌问题），下水道污水倒灌问题已纯在多年，一直得不得解决，下面就此问题向虎门镇各职能部门投诉，希望得到有效解决。         东莞市虎门镇赤岗村富马工业区赤马路因下水道常年堵塞，每当下雨时下水道积水倒灌（特别是夏季），倒灌的积水又黑又臭，倒灌的积水甚至达到一米五深，倒灌的积水对公司车辆、人员出入造成极大不便，影响公司产品出货（有时急出货时用汽车轮胎来代替船运货物上车）；影响几个公司上千号员工上下班；影响周边居民出入，给周边公司、居民都带来诸多不便。我们曾经也打电话找过虎门渠务局，虎门渠务局回复所属赤岗村委管理；我们又找到虎门赤岗村委，村委回复说属富马工业区管理处管理；我们又找到富马工业区管理处，管理处回复说属虎门市政管理，都是来回踢皮球，最终问题得不得解决，此问题已已存在好多年的时间了，一直没有部门解决。         3月15号上午下了一场暴雨又造成路面积水严重，有几部正在通行的小轿车都被倒灌的臭水淹没了，差点造成人员安全事故发生。此问题已反馈多次，一直未得到解决。无奈之下才把此问题投诉到虎门镇政府职能部门，希望贵局尽快到现场了解此事，针对存在问题研究解决方案，尽快修复。让我们到东莞市虎门镇赤岗来投资的企业能够在赤岗长期运营下去，有一个好的投资营商环境。", "url": "http://wz.sun0769.com/html/question/201803/363418.shtml"}
{"title": "在住宅区私开训练场，严重对环境污染，对人体有影响", "number": "180140", "content": "    你好，在东城梨川红川路有间明庆驾校私营训练场,周边都是老人小孩住的老区，驾校天天从早到晚有好几台车天天在那里练车，这个训练场就在住宅楼下面住宅区，现在这家驾校的车搞到我区污烟雾漫，我们住楼上，天天吸汽车废气`，现在早上连窗都不敢打开，有时候晚上也练，练车的地方为什么要建在住宅区？这样对我们市民的身体造成严重影响,本来空气就不好，常有雾霾出现，有时难得有好空气出现想要开窗换换空气，一开门开窗就被楼下的驾校车又搞到空气污染，而且常发出噪音，汽车的声，那些教练骂人声，喇叭声。。。。有关部门是不是要管管呢？还我们一个好环境。", "url": "http://wz.sun0769.com/html/question/201803/363421.shtml"}
{"title": "再投诉大岭山镇矮岭冚村干部不作为！", "number": "180139", "content": "    　　本人已于2017年9月29日发出第一次投诉，题为：大岭山镇矮岭冚村干部不作为，明哲保身，置村民利益不顾！  编号:169365　大岭山镇矮岭冚村委会也于2017年10月31日也作出了如下的答复：    　　　　    　　　　我村收到投诉后，组织了第七村民小组干部及人员到现场了解情况，发现投诉内容基本属实。第七小组于1998年在现在的沿河西街边规划了二排地台给小组村民建房。村民于2000年左右陆续在该地台上建成房屋，但有5户村民建房时超出规划红线，占有集体土地建设。针对此情况，第七村民小组组织人员对上述村民超出红线的面积进行确认。并召开村民代表会议，研究具体方案解决此历史遗留问题，代表会议讨论，为了公平、公正地解决该问题。决定凡超出红线占多集体土地面积的村民一律按8000元一平方米的价格补交小组集体，以维护本小组集体和村民的利益。        　　　几个月时间过后的今日，我先不管补交的价格合不合理。但就补交款项一事还没有付诸行动到底是为哪般？是说说算了敷衍一下无权无势的村民吗？当初真的有召开村民代表会议研究过具体方案吗？我要的是实干，我看的是最后结果，结果呢……？", "url": "http://wz.sun0769.com/html/question/201803/363419.shtml"}
{"title": "欢迎来最美中国小镇-清溪，看非法倾倒建筑垃圾", "number": "180142", "content": "被誉为中国最美小镇的清溪镇，不时有非法倾倒建筑垃圾的现象发生，市民苦不堪言。最近清溪大王山在搞赏花节，但是在葵青路边上的骏业街马路上偷盗一车的垃圾几周没有人处理，严重影响车辆行人出入，严重影响东莞的形象。希望该镇相关部门对此不断加大打击力度，制定有效措施。建议在重点偷倒点安装监控摄像头。", "url": "http://wz.sun0769.com/html/question/201803/363423.shtml"}
{"title": "关于601路公交车发车时间间隔问题", "number": "180141", "content": "    关于601路公交车发车时间间隔太长的问题，本人3月16号在华阳湖路口站等车回南城，从13点06分一直等到13点46分才上车，足足等了40分钟，期间打电话到88310006去投诉，说发车间隔13到20分钟一班车，本来13点06分有一班车，但是车坏了，我这里想问就算那班车坏了也不需要到46分才有车，希望有关部门好好管理一下，问责有关人员，改进工作作风。", "url": "http://wz.sun0769.com/html/question/201803/363422.shtml"}
{"title": "新奥燃气，新客户申请安装三次还未成功通气。无语。", "number": "180143", "content": "    尊敬的各位，我在2018年2月5日在茶山新奥燃气申请安装燃气管及通气，第一次在2月13日施工人员来现场检查，说改管不是他们负责，由另有一个工程队做，讲了关于部分专业术（但不懂），就走了。第二次3月13日下午5点打电话来(本人在外镇工作，但建议打电话约个时间，新房刚装修暂不能住人。），说不装改下一次时间。第三次3月17日工程队来装，说墙管打洞不关他们事。又走了。……    尊敬的新奥燃气公司，您们在东莞有绝对优势的市场，但希望不要这样对客户好吗，报装到现在一个多月，中间有什么要点可否一次说清？现在装修己完成了，又要求你和我们通气，又要叫装修师傅帮手补墙，好累人的。请帮忙处理一下，谢谢。    最后，祝贵公司生意蒸蒸日上。", "url": "http://wz.sun0769.com/html/question/201803/363424.shtml"}
{"title": "关于长安上角上兴路路边乱摆摊影响出行问题", "number": "180145", "content": "      长安上角上兴路段每天早上7-9点，下午17-20点都有好多在路边上卖炒粉，烧烤的，弄的满地的油污，垃圾，污烟胀气，走路都要小心滑倒，而且食物的卫生状况也难有保障，望相关部门关注整改一下，谢谢！", "url": "http://wz.sun0769.com/html/question/201803/363428.shtml"}
{"title": "现在东莞市桥头镇可以自建房吗", "number": "180129", "content": "    向村委买的地皮，旧房子拆了重建属于违建吗？", "url": "http://wz.sun0769.com/html/question/201803/363403.shtml"}
{"title": "东城景湖春晓小区物业在公共场所自建设施存在重大安全隐患亟待整改", "number": "180147", "content": "\t本周一晚上，我家亲人路过东骏路与宏伟一路的交叉路口，即景湖春晓南门前边，靠近光大爱弥儿幼儿园这里，由于小区物业为了防止小贩在空地上摆卖，因此加装了约50厘米高的栏杆，栏杆过矮，警戒颜色不鲜明，加上路灯不明亮，导致过路时看不见，结果被绊倒，重重摔伤下巴和腿部，这说明安装这种栏杆存在重大安全隐患，只考虑阻止小商贩摆卖，但没有考虑高度不符合标准，警示颜色不鲜明，对过路行人造成危害。强烈要求景湖春晓小区物业迅速整改，赔偿我家亲人医药费等损失。", "url": "http://wz.sun0769.com/html/question/201803/363431.shtml"}
{"title": "投诉东莞大巴车（长7，长21等）", "number": "180148", "content": "    东莞大巴车乱收费现象很严重，本人10号从深圳公明广场坐车到东莞黄江田心路口花了10元，12号早上从东莞黄江田心路口会深圳公明广场花了20元，我说我前天做还是10元，司机回想做10元的车下去，司机态度也很不好，听说东莞的大巴车都是个人的，不知道是不是因为这个原因。他们才敢乱收费。          您好！您的来信收悉。感谢您对物价工作的关心、支持和对我们的信任，现就您反映的公路客运票价问题回复如下：\n      一、按规定，我省道路客运实行政府指导价，按客运票价计算公式制定上限票价，运输经营者在不超过上限票价的范围内，根据市场需求制定实际执行的具体价格。由于非节假日期间，乘车人流较少，运输经营者对客运票价实行优惠，实行的票价远低于政府指导价的上限票价；而在节假日期间，乘车人流较多，运输经营者恢复执行政府指导价标准或执行上限票价，引致平时与节假日期间的客运票价差别较大的现象。\n      二、来信反映的线路由东莞市长城客运有限公司营运，经营者在不超过上限票价的范围内，可根据市场需求制定实际执行的票价标准。经查，长7路由樟木头振通汽车客运站至深圳宝安新安汽车站，全程票价29元。长21路由樟木头振通汽车客运站至深圳公明汽车站，全程票价11元。中途都没有设置上下车站点，有关上下车站点的问题建议向交通部门反馈。\n      三、如发现运输经营者超过线路上限票价进行售票，请将有关票据等资料送我局价格监督检查分局或直接拨打价格举报电话“12358”反映，以便查处。", "url": "http://wz.sun0769.com/html/question/201803/363432.shtml"}
{"title": "寮步镇下岭贝村无理收取费用", "number": "180151", "content": "    投诉下岭贝村委会强买强卖，欺行霸市，下岭贝封闭全村，我们外地人出入需交费，买月卡一定要买三个月以上，不能单月购买，并且不断加价，工作人员态度非常恶劣，我们投诉无门，任人宰割，请问我们政府知道吗？物价局知道吗？", "url": "http://wz.sun0769.com/html/question/201803/363437.shtml"}
{"title": "居住证遗失", "number": "180152", "content": "    尊敬的领导，您好！我是外省在莞务工群众。一直有办理居住证，但是，这两天我准备材料以便给小孩办理积分入学时，居住证找不到了。昨天刚去派出所补办。请问，这居住证遗失补办下来的居住时间如何计算？是否会影响居住证的使用？导致无法办理积分入学？希望可以尽快给我回复，谢谢！", "url": "http://wz.sun0769.com/html/question/201803/363439.shtml"}
{"title": "关于流浪人员无户口的黑户人员户口解决问题的咨询", "number": "180154", "content": "\t无户口的流浪人员如何获得户口及身份证？", "url": "http://wz.sun0769.com/html/question/201803/363441.shtml"}
{"title": "关于昌盛北路市场路口入口施工", "number": "180155", "content": "    关于凤岗昌盛北路农贸市场入口施工埋管，该路口从14号早上开始封路，工作人员说两三天可完工解封，本来14号至15上午进程十分快，15号下午下了阵雨便停工，16号和17号天气非常好，却没有任何工作人员来施工，严重影响出行和市场很多档主的生意，如果该处不能及时施工，为何要如此早封路？为何不能先封一半施工再封另一半，很多档主抱怨连天，我们也是其中受害者，主相关部门及时处理该事件，人民群众会十分感激。", "url": "http://wz.sun0769.com/html/question/201803/363442.shtml"}
{"title": "工厂夜晚吵闹", "number": "180157", "content": "    投诉东莞凤岗大龙工业园大龙二路4号与6号里面的工厂24小时作业，半夜产生噪音影响我们晚上休息，已经多次投诉当地政府无效，希望市领导能重视，并确认地方环保局是否有确实监督工厂晚上噪音问题", "url": "http://wz.sun0769.com/html/question/201803/363445.shtml"}
{"title": "嘉多利山花园业主私养大量家禽臭味熏天", "number": "180159", "content": "樟木头嘉多利山花园地下一层业主，不顾多位邻居劝阻，长期私养大量家禽，时值湿热天气，排泄物臭味非常大，熏得众多业主只能捂鼻而过，这种情况还非常容易滋生细菌，如果引发禽流感，后果将会非常严重，恳请相关部门引起重视，并加以整治，保证我们家园健康环境！谢谢", "url": "http://wz.sun0769.com/html/question/201803/363448.shtml"}
{"title": "汽修店报废汽车四五辆长期占用路边停车位", "number": "180158", "content": "\t东城区大塘头松毛岭街北区19号东裕汽修 1 违法停放报废萨博汽车面包车若干辆长期占用路边停车位 长达一年之久 本就紧张的停车位被占用好几个 现在又有更多的萨博汽车被汽修店老板长期停放在人行道 路口 路边停车位 妨碍交通 妨碍出行 2 在没有任何措施下 在店铺门口私自开设洗车业务 废水直接排放路边 望有关部门查处 处理这些报废车 给附近居民创造更方便的出行 停车条件", "url": "http://wz.sun0769.com/html/question/201803/363446.shtml"}
{"title": "何时解决水乡大道困扰沿线众多居民的噪音问题", "number": "180160", "content": "    2015年12月，东莞阳光网、羊城晚报等媒体报道,市城市综合管理局相关人员称经过权威测试发现噪音确实超标。            2016-10-10，网友bigcan在阳光问政频道，反馈意见，2016年11月8日市交通投资集团回复：已完成初步设计，待市政府批复工程费用来源后，我司将开展施工、监理招标等工作，加快工程实施以尽快解决此问题。            2017-11-29 网友：丢了幸福的傻猪 提问：道滘沿海丽水佳园门口的水乡大道噪音一直不处理。市交投集团2017-12-01 回复：已完成施工图设计，正对施工图设计图纸进行审查，待出具修编预算后上报市财审中心审核最高限价，争取春节后进行施工、监理单位招标等工作。            2015年12月到2017年11月，距证实水乡大道沿线噪音扰民已三年多，该工程仍然只完成了施工图设计，更未上报市财审中心审查，请问这是不是习近平总书记所说的：“为官不为、懒政怠政”？？十八大以来，习近平总书记就多次告诫不能“为官不为”（人民网：http://politics.people.com.cn/n1/2016/0512/c1001-28345508.html），中央也喊话：对不作为官员严惩不贷（http://politics.people.com.cn/n/2014/0806/c1001-25409602.html）。        市交投集团是直属于市政府管理的正处级服务类事业单位，是中国共产党领导的为人民服务的事业单位，不能忘记党十八大、十九大精神：“中国共产党人的初心和使命，就是为中国人民谋幸福，为中华民族谋复兴。”的初心。        今天是2018年3月17日，请市交投集团明确回复该工程什么时候能招标？什么时候能开工和完工？以解决困扰沿线众多居民的切身问题。    ", "url": "http://wz.sun0769.com/html/question/201803/363449.shtml"}
{"title": "入学问题", "number": "180161", "content": "    本人户籍东莞镇街（非东城），在东城高田坊帝景峰有一房产有证本人名持有，小孩在镇街读小学，下半年升初，请问我小孩可否能到东城中学或东城初级中学读初中？请复，谢谢", "url": "http://wz.sun0769.com/html/question/201803/363450.shtml"}
{"title": "中堂蕉利利业水泥厂工业废气让不让人活", "number": "180162", "content": "    位于鹤田村对面的中堂蕉利村的伟业水泥厂，平时不但排放大量粉尘，一到晚上且产生很难闻的废气令人恶心，对面鹤田村的居民晚根本不敢开窗，这是不让人活的节奏吗，希望相关职能部门真正能堵住排污源头，不好又是走过场忽悠我们老百姓。", "url": "http://wz.sun0769.com/html/question/201803/363451.shtml"}
